Workbook

Sheet Series 100 Design
A1: SERIES 100: PRELIMINARIES
A3: Item | B3: Description | C3: Qty | D3: Unit
E4: Tayside Contracts | G4: John McGeady Ltd | I4: Lightways (Contractors) Ltd | K4: Newlay Civil Engineering | M4: T & N Gilmartin (Contractors) Ltd | O4: Tarmac Limited
B6: Temporary Accommodation | E6: Rate | F6: Cost | G6: Rate | H6: Cost | I6: Rate | J6: Cost | K6: Rate | L6: Cost | M6: Rate | N6: Cost | O6: Rate | P6: Cost
A8: 1/001 | B8: Erection of offices and messes for the Contractor (Comply with appendix 0/6) | C8: ='Series 100 Input'!C8 -> 1 | D8: Item | E8: 120 | F8: =C8*E8 -> 120 | G8: 100 | H8: =C8*G8 -> 100 | I8: 0.01 | J8: =C8*I8 -> 0.01 | K8: 200 | L8: =C8*K8 -> 200 | M8: 500 | N8: =C8*M8 -> 500 | O8: 500 | P8: =C8*O8 -> 500
A10: 1/002 | B10: Servicing of offices and messes for the Contractor (Comply with appendix 0/6) | C10: ='Series 100 Input'!C10 -> 10 | D10: Day | E10: 100 | F10: =C10*E10 -> 1000 | G10: 20 | H10: =C10*G10 -> 200 | I10: 41.9 | J10: =C10*I10 -> 419 | K10: 50 | L10: =C10*K10 -> 500 | M10: 250 | N10: =C10*M10 -> 2500 | O10: 100 | P10: =C10*O10 -> 1000
A12: 1/003 | B12: Dismantling of offices and messes for the Contractor (Comply with appendix 0/6) | C12: ='Series 100 Input'!C12 -> 1 | D12: Item | E12: 120 | F12: =C12*E12 -> 120 | G12: 100 | H12: =C12*G12 -> 100 | I12: 0.01 | J12: =C12*I12 -> 0.01 | K12: 100 | L12: =C12*K12 -> 100 | M12: 500 | N12: =C12*M12 -> 500 | O12: 500 | P12: =C12*O12 -> 500
A14: 1/004 | B14: Erection of stores and workshops for the Contractor | C14: ='Series 100 Input'!C14 -> 0 | D14: Item | E14: 120 | F14: =C14*E14 -> 0 | G14: 100 | H14: =C14*G14 -> 0 | I14: 287.63 | J14: =C14*I14 -> 0 | K14: 0 | L14: =C14*K14 -> 0 | M14: 500 | N14: =C14*M14 -> 0 | O14: 150 | P14: =C14*O14 -> 0
A16: 1/005 | B16: Servicing of stores and workshops for the Contractor | C16: ='Series 100 Input'!C16 -> 0 | D16: Day | E16: 100 | F16: =C16*E16 -> 0 | G16: 10 | H16: =C16*G16 -> 0 | I16: 0.01 | J16: =C16*I16 -> 0 | K16: 0 | L16: =C16*K16 -> 0 | M16: 50 | N16: =C16*M16 -> 0 | O16: 25 | P16: =C16*O16 -> 0
A18: 1/006 | B18: Dismantling of stores and workshops for the Contractor | C18: ='Series 100 Input'!C18 -> 0 | D18: Item | E18: 120 | F18: =C18*E18 -> 0 | G18: 100 | H18: =C18*G18 -> 0 | I18: 287.63 | J18: =C18*I18 -> 0 | K18: 0 | L18: =C18*K18 -> 0 | M18: 500 | N18: =C18*M18 -> 0 | O18: 150 | P18: =C18*O18 -> 0
B20: Information Boards & Signs
A22: 1/007 | B22: Uplift, place out, maintain and remove Information board as per example on P.23 of the Safety at Street Works and Road Works | C22: ='Series 100 Input'!C22 -> 0 | D22: No | E22: 217.8 | F22: =C22*E22 -> 0 | G22: 10 | H22: =C22*G22 -> 0 | I22: 6.95 | J22: =C22*I22 -> 0 | K22: 25 | L22: =C22*K22 -> 0 | M22: 55 | N22: =C22*M22 -> 0 | O22: 57.5 | P22: =C22*O22 -> 0
A24: 1/008 | B24: Supply, place out, maintain and remove Information sign as described | C24: ='Series 100 Input'!C24 -> 0 | D24: No | E24: 217.8 | F24: =C24*E24 -> 0 | G24: 10 | H24: =C24*G24 -> 0 | I24: 18.45 | J24: =C24*I24 -> 0 | K24: 75 | L24: =C24*K24 -> 0 | M24: 55 | N24: =C24*M24 -> 0 | O24: 57.5 | P24: =C24*O24 -> 0
B26: Traffic Safety and Management
B28: Road Closures
A30: 1/009 | B30: Erect, maintain and remove all pedestrian & traffic safety measures as per standard drawing 100/1 (Type 1) full closure to facilitate road closures. | C30: ='Series 100 Input'!C30 -> 1 | D30: Day | E30: 629.2 | F30: =C30*E30 -> 629.2 | G30: 795 | H30: =C30*G30 -> 795 | I30: 173.74 | J30: =C30*I30 -> 173.74 | K30: 100 | L30: =C30*K30 -> 100 | M30: 467.5 | N30: =C30*M30 -> 467.5 | O30: 488.75 | P30: =C30*O30 -> 488.75
A32: 1/010 | B32: Erect, maintain and remove all pedestrian & traffic safety measures as per standard drawing 100/1 (Type 2 )half gate to facilitate road closures. | C32: ='Series 100 Input'!C32 -> 0 | D32: Day | E32: 629.2 | F32: =C32*E32 -> 0 | G32: 795 | H32: =C32*G32 -> 0 | I32: 173.74 | J32: =C32*I32 -> 0 | K32: 100 | L32: =C32*K32 -> 0 | M32: 467.5 | N32: =C32*M32 -> 0 | O32: 488.75 | P32: =C32*O32 -> 0
A34: 1/011 | B34: Erect, maintain and remove all pedestrian & traffic safety measures as per standard drawing 100/1 (Type 2A )half gate to facilitate road closures. | C34: ='Series 100 Input'!C34 -> 0 | D34: Day | E34: 629.2 | F34: =C34*E34 -> 0 | G34: 795 | H34: =C34*G34 -> 0 | I34: 173.74 | J34: =C34*I34 -> 0 | K34: 100 | L34: =C34*K34 -> 0 | M34: 467.5 | N34: =C34*M34 -> 0 | O34: 488.75 | P34: =C34*O34 -> 0
A36: 1/012 | B36: Erect, maintain and remove all pedestrian & traffic safety measures as per standard drawing 100/2 (Type 3 )half gate to facilitate road closures. | C36: ='Series 100 Input'!C36 -> 0 | D36: Day | E36: 629.2 | F36: =C36*E36 -> 0 | G36: 795 | H36: =C36*G36 -> 0 | I36: 173.74 | J36: =C36*I36 -> 0 | K36: 100 | L36: =C36*K36 -> 0 | M36: 467.5 | N36: =C36*M36 -> 0 | O36: 488.75 | P36: =C36*O36 -> 0
A38: 1/013 | B38: extra over for item temporary traffic barriers on P.95 of the Safety at Street Works and Road Works - A code of practice booklet | C38: ='Series 100 Input'!C38 -> 0 | D38: Lin.m | E38: 0.3 | F38: =C38*E38 -> 0 | G38: 5 | H38: =C38*G38 -> 0 | I38: 0.59 | J38: =C38*I38 -> 0 | K38: 2 | L38: =C38*K38 -> 0 | M38: 1.1 | N38: =C38*M38 -> 0 | O38: 1.15 | P38: =C38*O38 -> 0
A40: 1/014 | B40: Extra over for traffic management operatives to manage road closure site extents | C40: ='Series 100 Input'!C40 -> 0 | D40: Day | E40: 629.2 | F40: =C40*E40 -> 0 | G40: 220 | H40: =C40*G40 -> 0 | I40: 308.02 | J40: =C40*I40 -> 0 | K40: 240 | L40: =C40*K40 -> 0 | M40: 220 | N40: =C40*M40 -> 0 | O40: 230 | P40: =C40*O40 -> 0
B42: Diversions
A44: 1/015 | B44: Supply of standard temporary signage 1050x750mm (Road Closed 7010.1, Road Ahead Closed 7010.1, Diversion End 2702, Diversion 2702) as per drawing 100/3 | C44: ='Series 100 Input'!C44 -> 0 | D44: no | E44: 2.42 | F44: =C44*E44 -> 0 | G44: 50 | H44: =C44*G44 -> 0 | I44: 0.02 | J44: =C44*I44 -> 0 | K44: 125 | L44: =C44*K44 -> 0 | M44: 467.5 | N44: =C44*M44 -> 0 | O44: 488.75 | P44: =C44*O44 -> 0
A46: 1/016 | B46: Supply of standard temporary signage 1050x450mm (diverted traffic 2703, 2704) as per drawing 100/3 | C46: ='Series 100 Input'!C46 -> 0 | D46: no | E46: 2.42 | F46: =C46*E46 -> 0 | G46: 50 | H46: =C46*G46 -> 0 | I46: 0.02 | J46: =C46*I46 -> 0 | K46: 50 | L46: =C46*K46 -> 0 | M46: 11 | N46: =C46*M46 -> 0 | O46: 11.5 | P46: =C46*O46 -> 0
A48: 1/017 | B48: Supply of non-standard temporary signage 1050x750mm as directed | C48: ='Series 100 Input'!C48 -> 0 | D48: no | E48: 30.25 | F48: =C48*E48 -> 0 | G48: 50 | H48: =C48*G48 -> 0 | I48: 0.02 | J48: =C48*I48 -> 0 | K48: 50 | L48: =C48*K48 -> 0 | M48: 16.5 | N48: =C48*M48 -> 0 | O48: 17.25 | P48: =C48*O48 -> 0
A50: 1/018 | B50: Supply of non-standard temporary signage 1050x450mm as directed | C50: ='Series 100 Input'!C50 -> 0 | D50: no | E50: 30.25 | F50: =C50*E50 -> 0 | G50: 50 | H50: =C50*G50 -> 0 | I50: 0.02 | J50: =C50*I50 -> 0 | K50: 50 | L50: =C50*K50 -> 0 | M50: 16.5 | N50: =C50*M50 -> 0 | O50: 17.25 | P50: =C50*O50 -> 0
A52: 1/019 | B52: Extra over for item temporary1050x750mm signage in frames with extended legs | C52: ='Series 100 Input'!C52 -> 0 | D52: no | E52: 2.42 | F52: =C52*E52 -> 0 | G52: 50 | H52: =C52*G52 -> 0 | I52: 0.02 | J52: =C52*I52 -> 0 | K52: 75 | L52: =C52*K52 -> 0 | M52: 1.1 | N52: =C52*M52 -> 0 | O52: 1.15 | P52: =C52*O52 -> 0
A54: 1/020 | B54: Extra over for item temporary1050x450mm signage in frames with extended legs | C54: ='Series 100 Input'!C54 -> 0 | D54: no | E54: 2.42 | F54: =C54*E54 -> 0 | G54: 50 | H54: =C54*G54 -> 0 | I54: 0.02 | J54: =C54*I54 -> 0 | K54: 75 | L54: =C54*K54 -> 0 | M54: 22 | N54: =C54*M54 -> 0 | O54: 23 | P54: =C54*O54 -> 0
A56: 1/021 | B56: Supply of non-standard temporary signage 1200x1200mm as directed as per Drawing 100/3 (Z series) | C56: ='Series 100 Input'!C56 -> 0 | D56: no | E56: 60.5 | F56: =C56*E56 -> 0 | G56: 50 | H56: =C56*G56 -> 0 | I56: 0.02 | J56: =C56*I56 -> 0 | K56: 80 | L56: =C56*K56 -> 0 | M56: 22 | N56: =C56*M56 -> 0 | O56: 23 | P56: =C56*O56 -> 0
A58: 1/022 | B58: Extra over for item temporary1200x1200mm signage in frames with extended legs | C58: ='Series 100 Input'!C58 -> 0 | D58: No | E58: 2.42 | F58: =C58*E58 -> 0 | G58: 50 | H58: =C58*G58 -> 0 | I58: 0.02 | J58: =C58*I58 -> 0 | K58: 120 | L58: =C58*K58 -> 0 | M58: 22 | N58: =C58*M58 -> 0 | O58: 23 | P58: =C58*O58 -> 0
B60: < 5 mile Diversion
A62: 1/023 | B62: Erection of temporary diversion route as per shown 3.3 on P.37 Chapter 8 Traffic Signs Manual part 1. | C62: ='Series 100 Input'!C62 -> 4 | D62: Item | E62: 393.25 | F62: =C62*E62 -> 1573 | G62: 495 | H62: =C62*G62 -> 1980 | I62: 55.02 | J62: =C62*I62 -> 220.08 | K62: 250 | L62: =C62*K62 -> 1000 | M62: 401.5 | N62: =C62*M62 -> 1606 | O62: 419.75 | P62: =C62*O62 -> 1679
A64: 1/024 | B64: Maintenance of temporary diversion route as shown figure 3.3 on P.37 Chapter 8 Traffic Signs Manual part 1. | C64: ='Series 100 Input'!C64 -> 10 | D64: Day | E64: 121 | F64: =C64*E64 -> 1210 | G64: 500 | H64: =C64*G64 -> 5000 | I64: 440.02 | J64: =C64*I64 -> 4400.2 | K64: 100 | L64: =C64*K64 -> 1000 | M64: 110 | N64: =C64*M64 -> 1100 | O64: 115 | P64: =C64*O64 -> 1150
A66: 1/025 | B66: Removal of temporary diversion route as per shown 3.3 on P.37 Chapter 8 Traffic Signs Manual part 1. | C66: ='Series 100 Input'!C66 -> 4 | D66: item | E66: 393.25 | F66: =C66*E66 -> 1573 | G66: 495 | H66: =C66*G66 -> 1980 | I66: 55.02 | J66: =C66*I66 -> 220.08 | K66: 200 | L66: =C66*K66 -> 800 | M66: 401.5 | N66: =C66*M66 -> 1606 | O66: 419.75 | P66: =C66*O66 -> 1679
B68: 5 - 25 Mile Diversion
A70: 1/026 | B70: Erection of temporary diversion route as per shown 3.3 on P.37 Chapter 8 Traffic Signs Manual part 1. | C70: ='Series 100 Input'!C70 -> 0 | D70: Item | E70: 477.95 | F70: =C70*E70 -> 0 | G70: 495 | H70: =C70*G70 -> 0 | I70: 55.02 | J70: =C70*I70 -> 0 | K70: 300 | L70: =C70*K70 -> 0 | M70: 544.5 | N70: =C70*M70 -> 0 | O70: 569.25 | P70: =C70*O70 -> 0
A72: 1/027 | B72: Maintenance of temporary diversion route as shown figure 3.3 on P.37 Chapter 8 Traffic Signs Manual part 1. | C72: ='Series 100 Input'!C72 -> 0 | D72: Day | E72: 121 | F72: =C72*E72 -> 0 | G72: 495 | H72: =C72*G72 -> 0 | I72: 550.02 | J72: =C72*I72 -> 0 | K72: 125 | L72: =C72*K72 -> 0 | M72: 110 | N72: =C72*M72 -> 0 | O72: 115 | P72: =C72*O72 -> 0
A74: 1/028 | B74: Removal of temporary diversion route as per shown 3.3 on P.37 Chapter 8 Traffic Signs Manual part 1. | C74: ='Series 100 Input'!C74 -> 0 | D74: item | E74: 477.95 | F74: =C74*E74 -> 0 | G74: 495 | H74: =C74*G74 -> 0 | I74: 55.02 | J74: =C74*I74 -> 0 | K74: 200 | L74: =C74*K74 -> 0 | M74: 214.5 | N74: =C74*M74 -> 0 | O74: 224.25 | P74: =C74*O74 -> 0
B76: > 25 Mile Diversion
A78: 1/029 | B78: Erection of temporary diversion route as per shown 3.3 on P.37 Chapter 8 Traffic Signs Manual part 1. | C78: ='Series 100 Input'!C78 -> 0 | D78: Item | E78: 665.5 | F78: =C78*E78 -> 0 | G78: 1500 | H78: =C78*G78 -> 0 | I78: 110.02 | J78: =C78*I78 -> 0 | K78: 350 | L78: =C78*K78 -> 0 | M78: 544.5 | N78: =C78*M78 -> 0 | O78: 569.25 | P78: =C78*O78 -> 0
A80: 1/030 | B80: Maintenance of temporary diversion route as shown figure 3.3 on P.37 Chapter 8 Traffic Signs Manual part 1. | C80: ='Series 100 Input'!C80 -> 0 | D80: Day | E80: 181.5 | F80: =C80*E80 -> 0 | G80: 795 | H80: =C80*G80 -> 0 | I80: 1100.02 | J80: =C80*I80 -> 0 | K80: 150 | L80: =C80*K80 -> 0 | M80: 110 | N80: =C80*M80 -> 0 | O80: 115 | P80: =C80*O80 -> 0
A82: 1/031 | B82: Removal of temporary diversion route as per shown 3.3 on P.37 Chapter 8 Traffic Signs Manual part 1. | C82: ='Series 100 Input'!C82 -> 0 | D82: item | E82: 665.5 | F82: =C82*E82 -> 0 | G82: 1500 | H82: =C82*G82 -> 0 | I82: 110.02 | J82: =C82*I82 -> 0 | K82: 250 | L82: =C82*K82 -> 0 | M82: 544.5 | N82: =C82*M82 -> 0 | O82: 569.25 | P82: =C82*O82 -> 0
B84: Basic Layout
B86: <30mph (single carriageway)
A88: 1/031 | B88: Erection of ‘Basic Layout’ as per drawing on P.21 of the Safety at Street Works and Road Works - A code of practice booklet, on an all purpose single carriageway road, , restricted to 30mph or less. | C88: ='Series 100 Input'!C88 -> 0 | D88: Item | E88: 272.25 | F88: =C88*E88 -> 0 | G88: 495 | H88: =C88*G88 -> 0 | I88: 2.26 | J88: =C88*I88 -> 0 | K88: 75 | L88: =C88*K88 -> 0 | M88: 280.5 | N88: =C88*M88 -> 0 | O88: 293.25 | P88: =C88*O88 -> 0
A90: 1/032 | B90: Maintenance of ‘Basic Layout’ as per drawing on P.21 of the Safety at Street Works and Road Works - A code of practice booklet, on an all purpose single carriageway road, , restricted to 30mph or less. | C90: ='Series 100 Input'!C90 -> 0 | D90: Day | E90: 12.1 | F90: =C90*E90 -> 0 | G90: 795 | H90: =C90*G90 -> 0 | I90: 9 | J90: =C90*I90 -> 0 | K90: 50 | L90: =C90*K90 -> 0 | M90: 110 | N90: =C90*M90 -> 0 | O90: 115 | P90: =C90*O90 -> 0
A92: 1/033 | B92: Removal of ‘Basic Layout’ as per drawing on P.21 of the Safety at Street Works and Road Works - A code of practice booklet, on an all purpose single carriageway road, , restricted to 30mph or less. | C92: ='Series 100 Input'!C92 -> 0 | D92: Item | E92: 272.25 | F92: =C92*E92 -> 0 | G92: 495 | H92: =C92*G92 -> 0 | I92: 2.26 | J92: =C92*I92 -> 0 | K92: 50 | L92: =C92*K92 -> 0 | M92: 280.5 | N92: =C92*M92 -> 0 | O92: 293.25 | P92: =C92*O92 -> 0
B94: <40mph (single carriageway)
A96: 1/034 | B96: Erection of ‘Basic Layout’ as per drawing on P.21 of the Safety at Street Works and Road Works - A code of practice booklet, on an all purpose single carriageway road, restricted to 40mph or less. | C96: ='Series 100 Input'!C96 -> 0 | D96: Item | E96: 272.25 | F96: =C96*E96 -> 0 | G96: 495 | H96: =C96*G96 -> 0 | I96: 17.99 | J96: =C96*I96 -> 0 | K96: 100 | L96: =C96*K96 -> 0 | M96: 280.5 | N96: =C96*M96 -> 0 | O96: 293.25 | P96: =C96*O96 -> 0
A98: 1/035 | B98: Maintenance of ‘Basic Layout’ as per drawing on P.21 of the Safety at Street Works and Road Works - A code of practice booklet, on an all purpose single carriageway road, restricted to 40mph or less. | C98: ='Series 100 Input'!C98 -> 0 | D98: Day | E98: 12.1 | F98: =C98*E98 -> 0 | G98: 795 | H98: =C98*G98 -> 0 | I98: 35.96 | J98: =C98*I98 -> 0 | K98: 50 | L98: =C98*K98 -> 0 | M98: 110 | N98: =C98*M98 -> 0 | O98: 115 | P98: =C98*O98 -> 0
A100: 1/036 | B100: Removal of ‘Basic Layout’ as per drawing on P.21 of the Safety at Street Works and Road Works - A code of practice booklet, on an all purpose single carriageway road, restricted to 40mph or less. | C100: ='Series 100 Input'!C100 -> 0 | D100: Item | E100: 272.25 | F100: =C100*E100 -> 0 | G100: 495 | H100: =C100*G100 -> 0 | I100: 17.99 | J100: =C100*I100 -> 0 | K100: 50 | L100: =C100*K100 -> 0 | M100: 280.5 | N100: =C100*M100 -> 0 | O100: 293.25 | P100: =C100*O100 -> 0
B102: <40mph (Dual carriageway)
B104: Right Lane
A106: 1/037 | B106: Erection of ‘Basic Layout’ as per drawing on P.41 of the Safety at Street Works and Road Works - A code of practice booklet, on an all purpose dual carriageway road, restricted to 40mph or less. | C106: ='Series 100 Input'!C106 -> 0 | D106: Item | E106: 272.25 | F106: =C106*E106 -> 0 | G106: 495 | H106: =C106*G106 -> 0 | I106: 100.49 | J106: =C106*I106 -> 0 | K106: 200 | L106: =C106*K106 -> 0 | M106: 280.5 | N106: =C106*M106 -> 0 | O106: 293.25 | P106: =C106*O106 -> 0
A108: 1/038 | B108: Maintenance of ‘Basic Layout’ as per drawing on P.41 of the Safety at Street Works and Road Works - A code of practice booklet, on an all purpose dual carriageway road, restricted to 40mph or less. | C108: ='Series 100 Input'!C108 -> 0 | D108: Day | E108: 18.15 | F108: =C108*E108 -> 0 | G108: 795 | H108: =C108*G108 -> 0 | I108: 530.96 | J108: =C108*I108 -> 0 | K108: 125 | L108: =C108*K108 -> 0 | M108: 110 | N108: =C108*M108 -> 0 | O108: 115 | P108: =C108*O108 -> 0
A110: 1/039 | B110: Removal of ‘Basic Layout’ as per drawing on P.41 of the Safety at Street Works and Road Works - A code of practice booklet, on an all purpose dual carriageway road, restricted to 40mph or less. | C110: ='Series 100 Input'!C110 -> 0 | D110: Item | E110: 272.25 | F110: =C110*E110 -> 0 | G110: 495 | H110: =C110*G110 -> 0 | I110: 100.49 | J110: =C110*I110 -> 0 | K110: 100 | L110: =C110*K110 -> 0 | M110: 280.5 | N110: =C110*M110 -> 0 | O110: 293.25 | P110: =C110*O110 -> 0
B112: Left Lane
A114: 1/040 | B114: Erection of ‘Basic Layout’ as per drawing on P.42 of the Safety at Street Works and Road Works - A code of practice booklet, on an all purpose dual carriageway road, restricted to 40mph or less. | C114: ='Series 100 Input'!C114 -> 0 | D114: Item | E114: 387.2 | F114: =C114*E114 -> 0 | G114: 495 | H114: =C114*G114 -> 0 | I114: 100.49 | J114: =C114*I114 -> 0 | K114: 250 | L114: =C114*K114 -> 0 | M114: 280.5 | N114: =C114*M114 -> 0 | O114: 293.25 | P114: =C114*O114 -> 0
A116: 1/041 | B116: Maintenance of ‘Basic Layout’ as per drawing on P.42 of the Safety at Street Works and Road Works - A code of practice booklet, on an all purpose dual carriageway road, restricted to 40mph or less. | C116: ='Series 100 Input'!C116 -> 0 | D116: Day | E116: 24.2 | F116: =C116*E116 -> 0 | G116: 795 | H116: =C116*G116 -> 0 | I116: 530.96 | J116: =C116*I116 -> 0 | K116: 125 | L116: =C116*K116 -> 0 | M116: 110 | N116: =C116*M116 -> 0 | O116: 115 | P116: =C116*O116 -> 0
A118: 1/042 | B118: Removal of ‘Basic Layout’ as per drawing on P.42 of the Safety at Street Works and Road Works - A code of practice booklet, on an all purpose dual carriageway road, restricted to 40mph or less. | C118: ='Series 100 Input'!C118 -> 0 | D118: Item | E118: 387.2 | F118: =C118*E118 -> 0 | G118: 495 | H118: =C118*G118 -> 0 | I118: 100.49 | J118: =C118*I118 -> 0 | K118: 100 | L118: =C118*K118 -> 0 | M118: 280.5 | N118: =C118*M118 -> 0 | O118: 293.25 | P118: =C118*O118 -> 0
B120: Parked Vehicle
A122: 1/043 | B122: Erection of ‘parked vehicle’ layout as per drawing on P.38 of the Safety at Street Works and Road Works - A code of practice booklet, on a two lane single carriageway road | C122: ='Series 100 Input'!C122 -> 0 | D122: Item | E122: 272.25 | F122: =C122*E122 -> 0 | G122: 495 | H122: =C122*G122 -> 0 | I122: 2.26 | J122: =C122*I122 -> 0 | K122: 75 | L122: =C122*K122 -> 0 | M122: 214.5 | N122: =C122*M122 -> 0 | O122: 224.25 | P122: =C122*O122 -> 0
A124: 1/044 | B124: Maintenance of ‘parked vehicle’ layout as per drawing on P.38 of the Safety at Street Works and Road Works - A code of practice booklet, on a two lane single carriageway road | C124: ='Series 100 Input'!C124 -> 0 | D124: Day | E124: 18.15 | F124: =C124*E124 -> 0 | G124: 795 | H124: =C124*G124 -> 0 | I124: 9 | J124: =C124*I124 -> 0 | K124: 50 | L124: =C124*K124 -> 0 | M124: 55 | N124: =C124*M124 -> 0 | O124: 57.5 | P124: =C124*O124 -> 0
A126: 1/045 | B126: Removal of ‘parked vehicle’ layout as per drawing on P.38 of the Safety at Street Works and Road Works - A code of practice booklet, on a two lane single carriageway road | C126: ='Series 100 Input'!C126 -> 0 | D126: Item | E126: 272.25 | F126: =C126*E126 -> 0 | G126: 495 | H126: =C126*G126 -> 0 | I126: 2.26 | J126: =C126*I126 -> 0 | K126: 50 | L126: =C126*K126 -> 0 | M126: 214.5 | N126: =C126*M126 -> 0 | O126: 224.25 | P126: =C126*O126 -> 0
B128: Works in centre of two way road
A130: 1/046 | B130: Erection of ‘works in the centre of a two way road’ layout as per drawing on P.39 of the Safety at Street Works and Road Works - A code of practice booklet, on a two lane single carriageway road | C130: ='Series 100 Input'!C130 -> 0 | D130: Item | E130: 272.25 | F130: =C130*E130 -> 0 | G130: 495 | H130: =C130*G130 -> 0 | I130: 100.49 | J130: =C130*I130 -> 0 | K130: 150 | L130: =C130*K130 -> 0 | M130: 280.5 | N130: =C130*M130 -> 0 | O130: 293.25 | P130: =C130*O130 -> 0
A132: 1/047 | B132: Maintenance of ‘works in the centre of a two way road’ layout as per drawing on P.39 of the Safety at Street Works and Road Works - A code of practice booklet, on a two lane single carriageway road | C132: ='Series 100 Input'!C132 -> 0 | D132: Day | E132: 18.15 | F132: =C132*E132 -> 0 | G132: 795 | H132: =C132*G132 -> 0 | I132: 530.96 | J132: =C132*I132 -> 0 | K132: 50 | L132: =C132*K132 -> 0 | M132: 110 | N132: =C132*M132 -> 0 | O132: 115 | P132: =C132*O132 -> 0
A134: 1/048 | B134: Removal of ‘works in the centre of a two way road’ layout as per drawing on P.39 of the Safety at Street Works and Road Works - A code of practice booklet, on a two lane single carriageway road | C134: ='Series 100 Input'!C134 -> 0 | D134: Item | E134: 272.25 | F134: =C134*E134 -> 0 | G134: 495 | H134: =C134*G134 -> 0 | I134: 100.49 | J134: =C134*I134 -> 0 | K134: 100 | L134: =C134*K134 -> 0 | M134: 280.5 | N134: =C134*M134 -> 0 | O134: 293.25 | P134: =C134*O134 -> 0
B136: Give & Take
A138: 1/049 | B138: Erection of ‘Give and Take’ system as per drawing on P.57 of the Safety at Street Works and Road Works - A code of practice booklet, on an all purpose single carriageway road, , restricted to 30mph or less. | C138: ='Series 100 Input'!C138 -> 0 | D138: Item | E138: 272.25 | F138: =C138*E138 -> 0 | G138: 495 | H138: =C138*G138 -> 0 | I138: 35.96 | J138: =C138*I138 -> 0 | K138: 75 | L138: =C138*K138 -> 0 | M138: 214.5 | N138: =C138*M138 -> 0 | O138: 224.25 | P138: =C138*O138 -> 0
A140: 1/050 | B140: Maintenance of ‘Give and Take’ system as per drawing on P.57 of the Safety at Street Works and Road Works - A code of practice booklet, on an all purpose single carriageway road, , restricted to 30mph or less. | C140: ='Series 100 Input'!C140 -> 0 | D140: Day | E140: 14.52 | F140: =C140*E140 -> 0 | G140: 795 | H140: =C140*G140 -> 0 | I140: 71.91 | J140: =C140*I140 -> 0 | K140: 50 | L140: =C140*K140 -> 0 | M140: 55 | N140: =C140*M140 -> 0 | O140: 57.5 | P140: =C140*O140 -> 0
A142: 1/051 | B142: Removal of ‘Give and Take’ system as per drawing on P.57 of the Safety at Street Works and Road Works - A code of practice booklet, on an all purpose single carriageway road, , restricted to 30mph or less. | C142: ='Series 100 Input'!C142 -> 0 | D142: Item | E142: 272.25 | F142: =C142*E142 -> 0 | G142: 495 | H142: =C142*G142 -> 0 | I142: 35.96 | J142: =C142*I142 -> 0 | K142: 50 | L142: =C142*K142 -> 0 | M142: 214.5 | N142: =C142*M142 -> 0 | O142: 224.25 | P142: =C142*O142 -> 0
B144: Priority Signs
B146: < 30 Mph
A148: 1/052 | B148: Erection of ‘Priority Signs’ system as per drawing on P.59 of the Safety at Street Works and Road Works - A code of practice booklet, on an all purpose single carriageway road, , restricted to 30mph or less. | C148: ='Series 100 Input'!C148 -> 0 | D148: Item | E148: 272.25 | F148: =C148*E148 -> 0 | G148: 495 | H148: =C148*G148 -> 0 | I148: 35.96 | J148: =C148*I148 -> 0 | K148: 150 | L148: =C148*K148 -> 0 | M148: 214.5 | N148: =C148*M148 -> 0 | O148: 224.25 | P148: =C148*O148 -> 0
A150: 1/053 | B150: Maintenance of ‘Priority Signs’ system as per drawing on P.59 of the Safety at Street Works and Road Works - A code of practice booklet, on an all purpose single carriageway road, , restricted to 30mph or less. | C150: ='Series 100 Input'!C150 -> 0 | D150: Day | E150: 12.1 | F150: =C150*E150 -> 0 | G150: 795 | H150: =C150*G150 -> 0 | I150: 71.91 | J150: =C150*I150 -> 0 | K150: 50 | L150: =C150*K150 -> 0 | M150: 55 | N150: =C150*M150 -> 0 | O150: 57.5 | P150: =C150*O150 -> 0
A152: 1/054 | B152: Removal of ‘Priority Signs’ system as per drawing on P.59 of the Safety at Street Works and Road Works - A code of practice booklet, on an all purpose single carriageway road, , restricted to 30mph or less. | C152: ='Series 100 Input'!C152 -> 0 | D152: Item | E152: 272.25 | F152: =C152*E152 -> 0 | G152: 495 | H152: =C152*G152 -> 0 | I152: 35.96 | J152: =C152*I152 -> 0 | K152: 75 | L152: =C152*K152 -> 0 | M152: 214.5 | N152: =C152*M152 -> 0 | O152: 224.25 | P152: =C152*O152 -> 0
B154: 30mph - 40mph
A156: 1/055 | B156: Erection of ‘Priority Signs’ system as per drawing on P.59 of the Safety at Street Works and Road Works - A code of practice booklet, on an all purpose single carriageway road, restricted to 40mph or less. | C156: ='Series 100 Input'!C156 -> 0 | D156: Item | E156: 272.25 | F156: =C156*E156 -> 0 | G156: 495 | H156: =C156*G156 -> 0 | I156: 35.96 | J156: =C156*I156 -> 0 | K156: 150 | L156: =C156*K156 -> 0 | M156: 214.5 | N156: =C156*M156 -> 0 | O156: 224.25 | P156: =C156*O156 -> 0
A158: 1/056 | B158: Maintenance of ‘Priority Signs’ system as per drawing on P.59 of the Safety at Street Works and Road Works - A code of practice booklet, on an all purpose single carriageway road, restricted to 40mph or less. | C158: ='Series 100 Input'!C158 -> 0 | D158: Day | E158: 12.1 | F158: =C158*E158 -> 0 | G158: 795 | H158: =C158*G158 -> 0 | I158: 71.91 | J158: =C158*I158 -> 0 | K158: 50 | L158: =C158*K158 -> 0 | M158: 55 | N158: =C158*M158 -> 0 | O158: 57.5 | P158: =C158*O158 -> 0
A160: 1/057 | B160: Removal of ‘Priority Signs’ system as per drawing on P.59 of the Safety at Street Works and Road Works - A code of practice booklet, on an all purpose single carriageway road, restricted to 40mph or less. | C160: ='Series 100 Input'!C160 -> 0 | D160: Item | E160: 272.25 | F160: =C160*E160 -> 0 | G160: 495 | H160: =C160*G160 -> 0 | I160: 35.96 | J160: =C160*I160 -> 0 | K160: 75 | L160: =C160*K160 -> 0 | M160: 214.5 | N160: =C160*M160 -> 0 | O160: 224.25 | P160: =C160*O160 -> 0
B162: 30mph - 40mph
A164: 1/058 | B164: Erection of ‘Priority Signs’ system as per drawing on P.59 of the Safety at Street Works and Road Works - A code of practice booklet, on an all purpose single carriageway road, restricted to 40mph or less. | C164: ='Series 100 Input'!C164 -> 0 | D164: Item | E164: 272.25 | F164: =C164*E164 -> 0 | G164: 495 | H164: =C164*G164 -> 0 | I164: 35.96 | J164: =C164*I164 -> 0 | K164: 150 | L164: =C164*K164 -> 0 | M164: 214.5 | N164: =C164*M164 -> 0 | O164: 224.25 | P164: =C164*O164 -> 0
A166: 1/059 | B166: Maintenance of ‘Priority Signs’ system as per drawing on P.59 of the Safety at Street Works and Road Works - A code of practice booklet, on an all purpose single carriageway road, restricted to 40mph or less. | C166: ='Series 100 Input'!C166 -> 0 | D166: Day | E166: 12.1 | F166: =C166*E166 -> 0 | G166: 795 | H166: =C166*G166 -> 0 | I166: 71.91 | J166: =C166*I166 -> 0 | K166: 50 | L166: =C166*K166 -> 0 | M166: 55 | N166: =C166*M166 -> 0 | O166: 57.5 | P166: =C166*O166 -> 0
A168: 1/060 | B168: Removal of ‘Priority Signs’ system as per drawing on P.59 of the Safety at Street Works and Road Works - A code of practice booklet, on an all purpose single carriageway road, restricted to 40mph or less. | C168: ='Series 100 Input'!C168 -> 0 | D168: Item | E168: 272.25 | F168: =C168*E168 -> 0 | G168: 495 | H168: =C168*G168 -> 0 | I168: 35.96 | J168: =C168*I168 -> 0 | K168: 75 | L168: =C168*K168 -> 0 | M168: 214.5 | N168: =C168*M168 -> 0 | O168: 224.25 | P168: =C168*O168 -> 0
C170: ='Series 100 Input'!C170 -> 0 | F170: =C170*E170 -> 0 | H170: =C170*G170 -> 0 | J170: =C170*I170 -> 0 | L170: =C170*K170 -> 0 | N170: =C170*M170 -> 0 | P170: =C170*O170 -> 0
B171: Traffic Control
B173: Stop / Go
B174: <30mph
A176: 1/061 | B176: Erection of ‘Stop/Go boards’ system as per drawing on p.65 of the Safety at Street Works and Road Works - A code of practice booklet, on an all purpose single carriageway road, restricted to 30mph or less. | C176: ='Series 100 Input'!C176 -> 0 | D176: Item | E176: 121 | F176: =C176*E176 -> 0 | G176: 495 | H176: =C176*G176 -> 0 | I176: 17.99 | J176: =C176*I176 -> 0 | K176: 100 | L176: =C176*K176 -> 0 | M176: 236.5 | N176: =C176*M176 -> 0 | O176: 247.25 | P176: =C176*O176 -> 0
A178: 1/062 | B178: Maintenance of ‘Stop/Go boards’ system as per drawing on p.65 of the Safety at Street Works and Road Works - A code of practice booklet, on an all purpose single carriageway road, restricted to 30mph or less. | C178: ='Series 100 Input'!C178 -> 0 | D178: Day | E178: 629.2 | F178: =C178*E178 -> 0 | G178: 795 | H178: =C178*G178 -> 0 | I178: 575.24 | J178: =C178*I178 -> 0 | K178: 300 | L178: =C178*K178 -> 0 | M178: 5.5 | N178: =C178*M178 -> 0 | O178: 5.75 | P178: =C178*O178 -> 0
A180: 1/063 | B180: Removal of ‘Stop/Go boards’ system as per drawing on p.65 of the Safety at Street Works and Road Works - A code of practice booklet, on an all purpose single carriageway road, restricted to 30mph or less. | C180: ='Series 100 Input'!C180 -> 0 | D180: Item | E180: 121 | F180: =C180*E180 -> 0 | G180: 495 | H180: =C180*G180 -> 0 | I180: 17.99 | J180: =C180*I180 -> 0 | K180: 75 | L180: =C180*K180 -> 0 | M180: 236.5 | N180: =C180*M180 -> 0 | O180: 247.25 | P180: =C180*O180 -> 0
B182: 30 < 40mph
A184: 1/064 | B184: Erection of ‘Stop/Go boards’ system as per drawing on p.65 of the Safety at Street Works and Road Works - A code of practice booklet, on an all purpose single carriageway road, restricted to 40mph or less. | C184: ='Series 100 Input'!C184 -> 0 | D184: Item | E184: 121 | F184: =C184*E184 -> 0 | G184: 495 | H184: =C184*G184 -> 0 | I184: 17.99 | J184: =C184*I184 -> 0 | K184: 100 | L184: =C184*K184 -> 0 | M184: 236.5 | N184: =C184*M184 -> 0 | O184: 247.25 | P184: =C184*O184 -> 0
A186: 1/065 | B186: Maintenance of ‘Stop/Go boards’ system as per drawing on p.65 of the Safety at Street Works and Road Works - A code of practice booklet, on an all purpose single carriageway road, restricted to 40mph or less. | C186: ='Series 100 Input'!C186 -> 0 | D186: Day | E186: 629.2 | F186: =C186*E186 -> 0 | G186: 795 | H186: =C186*G186 -> 0 | I186: 575.24 | J186: =C186*I186 -> 0 | K186: 300 | L186: =C186*K186 -> 0 | M186: 5.5 | N186: =C186*M186 -> 0 | O186: 5.75 | P186: =C186*O186 -> 0
A188: 1/066 | B188: Removal of ‘Stop/Go boards’ system as per drawing on p.65 of the Safety at Street Works and Road Works - A code of practice booklet, on an all purpose single carriageway road, restricted to 40mph or less. | C188: ='Series 100 Input'!C188 -> 0 | D188: Item | E188: 121 | F188: =C188*E188 -> 0 | G188: 495 | H188: =C188*G188 -> 0 | I188: 17.99 | J188: =C188*I188 -> 0 | K188: 75 | L188: =C188*K188 -> 0 | M188: 236.5 | N188: =C188*M188 -> 0 | O188: 247.25 | P188: =C188*O188 -> 0
B190: 40 < 60mph
A192: 1/067 | B192: Erection of ‘Stop/Go boards’ system as per drawing on p.65 of the Safety at Street Works and Road Works - A code of practice booklet, on an all purpose single carriageway road, restricted to 60mph or less. | C192: ='Series 100 Input'!C192 -> 0 | D192: Item | E192: 121 | F192: =C192*E192 -> 0 | G192: 495 | H192: =C192*G192 -> 0 | I192: 82.51 | J192: =C192*I192 -> 0 | K192: 185 | L192: =C192*K192 -> 0 | M192: 236.5 | N192: =C192*M192 -> 0 | O192: 247.25 | P192: =C192*O192 -> 0
A194: 1/068 | B194: Maintenance of ‘Stop/Go boards’ system as per drawing on p.65 of the Safety at Street Works and Road Works - A code of practice booklet, on an all purpose single carriageway road, restricted to 60mph or less. | C194: ='Series 100 Input'!C194 -> 0 | D194: Day | E194: 629.2 | F194: =C194*E194 -> 0 | G194: 795 | H194: =C194*G194 -> 0 | I194: 495.01 | J194: =C194*I194 -> 0 | K194: 300 | L194: =C194*K194 -> 0 | M194: 5.5 | N194: =C194*M194 -> 0 | O194: 5.75 | P194: =C194*O194 -> 0
O195: 0
...

Sheet Series 100 Final
A1: SERIES 100: PRELIMINARIES
A3: Item | B3: Description | C3: Qty | D3: Unit
E4: Tayside Contracts | G4: John McGeady Ltd | I4: Lightways (Contractors) Ltd | K4: Newlay Civil Engineering | M4: T & N Gilmartin (Contractors) Ltd | O4: Tarmac Limited
B6: Temporary Accommodation | E6: Rate | F6: Cost | G6: Rate | H6: Cost | I6: Rate | J6: Cost | K6: Rate | L6: Cost | M6: Rate | N6: Cost | O6: Rate | P6: Cost
A8: 1/001 | B8: Erection of offices and messes for the Contractor (Comply with appendix 0/6) | C8: ='Series 100 Input'!H8 -> 0 | D8: Item | E8: 120 | F8: =C8*E8 -> 0 | G8: 100 | H8: =C8*G8 -> 0 | I8: 0.01 | J8: =C8*I8 -> 0 | K8: 200 | L8: =C8*K8 -> 0 | M8: 500 | N8: =C8*M8 -> 0 | O8: 500 | P8: =C8*O8 -> 0
A10: 1/002 | B10: Servicing of offices and messes for the Contractor (Comply with appendix 0/6) | C10: ='Series 100 Input'!H10 -> 0 | D10: Day | E10: 100 | F10: =C10*E10 -> 0 | G10: 20 | H10: =C10*G10 -> 0 | I10: 41.9 | J10: =C10*I10 -> 0 | K10: 50 | L10: =C10*K10 -> 0 | M10: 250 | N10: =C10*M10 -> 0 | O10: 100 | P10: =C10*O10 -> 0
A12: 1/003 | B12: Dismantling of offices and messes for the Contractor (Comply with appendix 0/6) | C12: ='Series 100 Input'!H12 -> 0 | D12: Item | E12: 120 | F12: =C12*E12 -> 0 | G12: 100 | H12: =C12*G12 -> 0 | I12: 0.01 | J12: =C12*I12 -> 0 | K12: 100 | L12: =C12*K12 -> 0 | M12: 500 | N12: =C12*M12 -> 0 | O12: 500 | P12: =C12*O12 -> 0
A14: 1/004 | B14: Erection of stores and workshops for the Contractor | C14: ='Series 100 Input'!H14 -> 0 | D14: Item | E14: 120 | F14: =C14*E14 -> 0 | G14: 100 | H14: =C14*G14 -> 0 | I14: 287.63 | J14: =C14*I14 -> 0 | K14: 0 | L14: =C14*K14 -> 0 | M14: 500 | N14: =C14*M14 -> 0 | O14: 150 | P14: =C14*O14 -> 0
A16: 1/005 | B16: Servicing of stores and workshops for the Contractor | C16: ='Series 100 Input'!H16 -> 0 | D16: Day | E16: 100 | F16: =C16*E16 -> 0 | G16: 10 | H16: =C16*G16 -> 0 | I16: 0.01 | J16: =C16*I16 -> 0 | K16: 0 | L16: =C16*K16 -> 0 | M16: 50 | N16: =C16*M16 -> 0 | O16: 25 | P16: =C16*O16 -> 0
A18: 1/006 | B18: Dismantling of stores and workshops for the Contractor | C18: ='Series 100 Input'!H18 -> 0 | D18: Item | E18: 120 | F18: =C18*E18 -> 0 | G18: 100 | H18: =C18*G18 -> 0 | I18: 287.63 | J18: =C18*I18 -> 0 | K18: 0 | L18: =C18*K18 -> 0 | M18: 500 | N18: =C18*M18 -> 0 | O18: 150 | P18: =C18*O18 -> 0
B20: Information Boards & Signs
A22: 1/007 | B22: Uplift, place out, maintain and remove Information board as per example on P.23 of the Safety at Street Works and Road Works | C22: ='Series 100 Input'!H22 -> 0 | D22: No | E22: 217.8 | F22: =C22*E22 -> 0 | G22: 10 | H22: =C22*G22 -> 0 | I22: 6.95 | J22: =C22*I22 -> 0 | K22: 25 | L22: =C22*K22 -> 0 | M22: 55 | N22: =C22*M22 -> 0 | O22: 57.5 | P22: =C22*O22 -> 0
A24: 1/008 | B24: Supply, place out, maintain and remove Information sign as described | C24: ='Series 100 Input'!H24 -> 0 | D24: No | E24: 217.8 | F24: =C24*E24 -> 0 | G24: 10 | H24: =C24*G24 -> 0 | I24: 18.45 | J24: =C24*I24 -> 0 | K24: 75 | L24: =C24*K24 -> 0 | M24: 55 | N24: =C24*M24 -> 0 | O24: 57.5 | P24: =C24*O24 -> 0
B26: Traffic Safety and Management
B28: Road Closures
A30: 1/009 | B30: Erect, maintain and remove all pedestrian & traffic safety measures as per standard drawing 100/1 (Type 1) full closure to facilitate road closures. | C30: ='Series 100 Input'!H30 -> 0 | D30: Day | E30: 629.2 | F30: =C30*E30 -> 0 | G30: 795 | H30: =C30*G30 -> 0 | I30: 173.74 | J30: =C30*I30 -> 0 | K30: 100 | L30: =C30*K30 -> 0 | M30: 467.5 | N30: =C30*M30 -> 0 | O30: 488.75 | P30: =C30*O30 -> 0
A32: 1/010 | B32: Erect, maintain and remove all pedestrian & traffic safety measures as per standard drawing 100/1 (Type 2 )half gate to facilitate road closures. | C32: ='Series 100 Input'!H32 -> 0 | D32: Day | E32: 629.2 | F32: =C32*E32 -> 0 | G32: 795 | H32: =C32*G32 -> 0 | I32: 173.74 | J32: =C32*I32 -> 0 | K32: 100 | L32: =C32*K32 -> 0 | M32: 467.5 | N32: =C32*M32 -> 0 | O32: 488.75 | P32: =C32*O32 -> 0
A34: 1/011 | B34: Erect, maintain and remove all pedestrian & traffic safety measures as per standard drawing 100/1 (Type 2A )half gate to facilitate road closures. | C34: ='Series 100 Input'!H34 -> 0 | D34: Day | E34: 629.2 | F34: =C34*E34 -> 0 | G34: 795 | H34: =C34*G34 -> 0 | I34: 173.74 | J34: =C34*I34 -> 0 | K34: 100 | L34: =C34*K34 -> 0 | M34: 467.5 | N34: =C34*M34 -> 0 | O34: 488.75 | P34: =C34*O34 -> 0
A36: 1/012 | B36: Erect, maintain and remove all pedestrian & traffic safety measures as per standard drawing 100/2 (Type 3 )half gate to facilitate road closures. | C36: ='Series 100 Input'!H36 -> 0 | D36: Day | E36: 629.2 | F36: =C36*E36 -> 0 | G36: 795 | H36: =C36*G36 -> 0 | I36: 173.74 | J36: =C36*I36 -> 0 | K36: 100 | L36: =C36*K36 -> 0 | M36: 467.5 | N36: =C36*M36 -> 0 | O36: 488.75 | P36: =C36*O36 -> 0
A38: 1/013 | B38: extra over for item temporary traffic barriers on P.95 of the Safety at Street Works and Road Works - A code of practice booklet | C38: ='Series 100 Input'!H38 -> 0 | D38: Lin.m | E38: 0.3 | F38: =C38*E38 -> 0 | G38: 5 | H38: =C38*G38 -> 0 | I38: 0.59 | J38: =C38*I38 -> 0 | K38: 2 | L38: =C38*K38 -> 0 | M38: 1.1 | N38: =C38*M38 -> 0 | O38: 1.15 | P38: =C38*O38 -> 0
A40: 1/014 | B40: Extra over for traffic management operatives to manage road closure site extents | C40: ='Series 100 Input'!H40 -> 0 | D40: Day | E40: 629.2 | F40: =C40*E40 -> 0 | G40: 220 | H40: =C40*G40 -> 0 | I40: 308.02 | J40: =C40*I40 -> 0 | K40: 240 | L40: =C40*K40 -> 0 | M40: 220 | N40: =C40*M40 -> 0 | O40: 230 | P40: =C40*O40 -> 0
B42: Diversions
A44: 1/015 | B44: Supply of standard temporary signage 1050x750mm (Road Closed 7010.1, Road Ahead Closed 7010.1, Diversion End 2702, Diversion 2702) as per drawing 100/3 | C44: ='Series 100 Input'!H44 -> 0 | D44: no | E44: 2.42 | F44: =C44*E44 -> 0 | G44: 50 | H44: =C44*G44 -> 0 | I44: 0.02 | J44: =C44*I44 -> 0 | K44: 125 | L44: =C44*K44 -> 0 | M44: 467.5 | N44: =C44*M44 -> 0 | O44: 488.75 | P44: =C44*O44 -> 0
A46: 1/016 | B46: Supply of standard temporary signage 1050x450mm (diverted traffic 2703, 2704) as per drawing 100/3 | C46: ='Series 100 Input'!H46 -> 0 | D46: no | E46: 2.42 | F46: =C46*E46 -> 0 | G46: 50 | H46: =C46*G46 -> 0 | I46: 0.02 | J46: =C46*I46 -> 0 | K46: 50 | L46: =C46*K46 -> 0 | M46: 11 | N46: =C46*M46 -> 0 | O46: 11.5 | P46: =C46*O46 -> 0
A48: 1/017 | B48: Supply of non-standard temporary signage 1050x750mm as directed | C48: ='Series 100 Input'!H48 -> 0 | D48: no | E48: 30.25 | F48: =C48*E48 -> 0 | G48: 50 | H48: =C48*G48 -> 0 | I48: 0.02 | J48: =C48*I48 -> 0 | K48: 50 | L48: =C48*K48 -> 0 | M48: 16.5 | N48: =C48*M48 -> 0 | O48: 17.25 | P48: =C48*O48 -> 0
A50: 1/018 | B50: Supply of non-standard temporary signage 1050x450mm as directed | C50: ='Series 100 Input'!H50 -> 0 | D50: no | E50: 30.25 | F50: =C50*E50 -> 0 | G50: 50 | H50: =C50*G50 -> 0 | I50: 0.02 | J50: =C50*I50 -> 0 | K50: 50 | L50: =C50*K50 -> 0 | M50: 16.5 | N50: =C50*M50 -> 0 | O50: 17.25 | P50: =C50*O50 -> 0
A52: 1/019 | B52: Extra over for item temporary1050x750mm signage in frames with extended legs | C52: ='Series 100 Input'!H52 -> 0 | D52: no | E52: 2.42 | F52: =C52*E52 -> 0 | G52: 50 | H52: =C52*G52 -> 0 | I52: 0.02 | J52: =C52*I52 -> 0 | K52: 75 | L52: =C52*K52 -> 0 | M52: 1.1 | N52: =C52*M52 -> 0 | O52: 1.15 | P52: =C52*O52 -> 0
A54: 1/020 | B54: Extra over for item temporary1050x450mm signage in frames with extended legs | C54: ='Series 100 Input'!H54 -> 0 | D54: no | E54: 2.42 | F54: =C54*E54 -> 0 | G54: 50 | H54: =C54*G54 -> 0 | I54: 0.02 | J54: =C54*I54 -> 0 | K54: 75 | L54: =C54*K54 -> 0 | M54: 22 | N54: =C54*M54 -> 0 | O54: 23 | P54: =C54*O54 -> 0
A56: 1/021 | B56: Supply of non-standard temporary signage 1200x1200mm as directed as per Drawing 100/3 (Z series) | C56: ='Series 100 Input'!H56 -> 0 | D56: no | E56: 60.5 | F56: =C56*E56 -> 0 | G56: 50 | H56: =C56*G56 -> 0 | I56: 0.02 | J56: =C56*I56 -> 0 | K56: 80 | L56: =C56*K56 -> 0 | M56: 22 | N56: =C56*M56 -> 0 | O56: 23 | P56: =C56*O56 -> 0
A58: 1/022 | B58: Extra over for item temporary1200x1200mm signage in frames with extended legs | C58: ='Series 100 Input'!H58 -> 0 | D58: No | E58: 2.42 | F58: =C58*E58 -> 0 | G58: 50 | H58: =C58*G58 -> 0 | I58: 0.02 | J58: =C58*I58 -> 0 | K58: 120 | L58: =C58*K58 -> 0 | M58: 22 | N58: =C58*M58 -> 0 | O58: 23 | P58: =C58*O58 -> 0
B60: < 5 mile Diversion
A62: 1/023 | B62: Erection of temporary diversion route as per shown 3.3 on P.37 Chapter 8 Traffic Signs Manual part 1. | C62: ='Series 100 Input'!H62 -> 0 | D62: Item | E62: 393.25 | F62: =C62*E62 -> 0 | G62: 495 | H62: =C62*G62 -> 0 | I62: 55.02 | J62: =C62*I62 -> 0 | K62: 250 | L62: =C62*K62 -> 0 | M62: 401.5 | N62: =C62*M62 -> 0 | O62: 419.75 | P62: =C62*O62 -> 0
A64: 1/024 | B64: Maintenance of temporary diversion route as shown figure 3.3 on P.37 Chapter 8 Traffic Signs Manual part 1. | C64: ='Series 100 Input'!H64 -> 0 | D64: Day | E64: 121 | F64: =C64*E64 -> 0 | G64: 500 | H64: =C64*G64 -> 0 | I64: 440.02 | J64: =C64*I64 -> 0 | K64: 100 | L64: =C64*K64 -> 0 | M64: 110 | N64: =C64*M64 -> 0 | O64: 115 | P64: =C64*O64 -> 0
A66: 1/025 | B66: Removal of temporary diversion route as per shown 3.3 on P.37 Chapter 8 Traffic Signs Manual part 1. | C66: ='Series 100 Input'!H66 -> 0 | D66: item | E66: 393.25 | F66: =C66*E66 -> 0 | G66: 495 | H66: =C66*G66 -> 0 | I66: 55.02 | J66: =C66*I66 -> 0 | K66: 200 | L66: =C66*K66 -> 0 | M66: 401.5 | N66: =C66*M66 -> 0 | O66: 419.75 | P66: =C66*O66 -> 0
B68: 5 - 25 Mile Diversion
A70: 1/026 | B70: Erection of temporary diversion route as per shown 3.3 on P.37 Chapter 8 Traffic Signs Manual part 1. | C70: ='Series 100 Input'!H70 -> 0 | D70: Item | E70: 477.95 | F70: =C70*E70 -> 0 | G70: 495 | H70: =C70*G70 -> 0 | I70: 55.02 | J70: =C70*I70 -> 0 | K70: 300 | L70: =C70*K70 -> 0 | M70: 544.5 | N70: =C70*M70 -> 0 | O70: 569.25 | P70: =C70*O70 -> 0
A72: 1/027 | B72: Maintenance of temporary diversion route as shown figure 3.3 on P.37 Chapter 8 Traffic Signs Manual part 1. | C72: ='Series 100 Input'!H72 -> 0 | D72: Day | E72: 121 | F72: =C72*E72 -> 0 | G72: 495 | H72: =C72*G72 -> 0 | I72: 550.02 | J72: =C72*I72 -> 0 | K72: 125 | L72: =C72*K72 -> 0 | M72: 110 | N72: =C72*M72 -> 0 | O72: 115 | P72: =C72*O72 -> 0
A74: 1/028 | B74: Removal of temporary diversion route as per shown 3.3 on P.37 Chapter 8 Traffic Signs Manual part 1. | C74: ='Series 100 Input'!H74 -> 0 | D74: item | E74: 477.95 | F74: =C74*E74 -> 0 | G74: 495 | H74: =C74*G74 -> 0 | I74: 55.02 | J74: =C74*I74 -> 0 | K74: 200 | L74: =C74*K74 -> 0 | M74: 214.5 | N74: =C74*M74 -> 0 | O74: 224.25 | P74: =C74*O74 -> 0
B76: > 25 Mile Diversion
A78: 1/029 | B78: Erection of temporary diversion route as per shown 3.3 on P.37 Chapter 8 Traffic Signs Manual part 1. | C78: ='Series 100 Input'!H78 -> 0 | D78: Item | E78: 665.5 | F78: =C78*E78 -> 0 | G78: 1500 | H78: =C78*G78 -> 0 | I78: 110.02 | J78: =C78*I78 -> 0 | K78: 350 | L78: =C78*K78 -> 0 | M78: 544.5 | N78: =C78*M78 -> 0 | O78: 569.25 | P78: =C78*O78 -> 0
A80: 1/030 | B80: Maintenance of temporary diversion route as shown figure 3.3 on P.37 Chapter 8 Traffic Signs Manual part 1. | C80: ='Series 100 Input'!H80 -> 0 | D80: Day | E80: 181.5 | F80: =C80*E80 -> 0 | G80: 795 | H80: =C80*G80 -> 0 | I80: 1100.02 | J80: =C80*I80 -> 0 | K80: 150 | L80: =C80*K80 -> 0 | M80: 110 | N80: =C80*M80 -> 0 | O80: 115 | P80: =C80*O80 -> 0
A82: 1/031 | B82: Removal of temporary diversion route as per shown 3.3 on P.37 Chapter 8 Traffic Signs Manual part 1. | C82: ='Series 100 Input'!H82 -> 0 | D82: item | E82: 665.5 | F82: =C82*E82 -> 0 | G82: 1500 | H82: =C82*G82 -> 0 | I82: 110.02 | J82: =C82*I82 -> 0 | K82: 250 | L82: =C82*K82 -> 0 | M82: 544.5 | N82: =C82*M82 -> 0 | O82: 569.25 | P82: =C82*O82 -> 0
B84: Basic Layout
B86: <30mph (single carriageway)
A88: 1/031 | B88: Erection of ‘Basic Layout’ as per drawing on P.21 of the Safety at Street Works and Road Works - A code of practice booklet, on an all purpose single carriageway road, , restricted to 30mph or less. | C88: ='Series 100 Input'!H88 -> 0 | D88: Item | E88: 272.25 | F88: =C88*E88 -> 0 | G88: 495 | H88: =C88*G88 -> 0 | I88: 2.26 | J88: =C88*I88 -> 0 | K88: 75 | L88: =C88*K88 -> 0 | M88: 280.5 | N88: =C88*M88 -> 0 | O88: 293.25 | P88: =C88*O88 -> 0
A90: 1/032 | B90: Maintenance of ‘Basic Layout’ as per drawing on P.21 of the Safety at Street Works and Road Works - A code of practice booklet, on an all purpose single carriageway road, , restricted to 30mph or less. | C90: ='Series 100 Input'!H90 -> 0 | D90: Day | E90: 12.1 | F90: =C90*E90 -> 0 | G90: 795 | H90: =C90*G90 -> 0 | I90: 9 | J90: =C90*I90 -> 0 | K90: 50 | L90: =C90*K90 -> 0 | M90: 110 | N90: =C90*M90 -> 0 | O90: 115 | P90: =C90*O90 -> 0
A92: 1/033 | B92: Removal of ‘Basic Layout’ as per drawing on P.21 of the Safety at Street Works and Road Works - A code of practice booklet, on an all purpose single carriageway road, , restricted to 30mph or less. | C92: ='Series 100 Input'!H92 -> 0 | D92: Item | E92: 272.25 | F92: =C92*E92 -> 0 | G92: 495 | H92: =C92*G92 -> 0 | I92: 2.26 | J92: =C92*I92 -> 0 | K92: 50 | L92: =C92*K92 -> 0 | M92: 280.5 | N92: =C92*M92 -> 0 | O92: 293.25 | P92: =C92*O92 -> 0
B94: <40mph (single carriageway)
A96: 1/034 | B96: Erection of ‘Basic Layout’ as per drawing on P.21 of the Safety at Street Works and Road Works - A code of practice booklet, on an all purpose single carriageway road, restricted to 40mph or less. | C96: ='Series 100 Input'!H96 -> 0 | D96: Item | E96: 272.25 | F96: =C96*E96 -> 0 | G96: 495 | H96: =C96*G96 -> 0 | I96: 17.99 | J96: =C96*I96 -> 0 | K96: 100 | L96: =C96*K96 -> 0 | M96: 280.5 | N96: =C96*M96 -> 0 | O96: 293.25 | P96: =C96*O96 -> 0
A98: 1/035 | B98: Maintenance of ‘Basic Layout’ as per drawing on P.21 of the Safety at Street Works and Road Works - A code of practice booklet, on an all purpose single carriageway road, restricted to 40mph or less. | C98: ='Series 100 Input'!H98 -> 0 | D98: Day | E98: 12.1 | F98: =C98*E98 -> 0 | G98: 795 | H98: =C98*G98 -> 0 | I98: 35.96 | J98: =C98*I98 -> 0 | K98: 50 | L98: =C98*K98 -> 0 | M98: 110 | N98: =C98*M98 -> 0 | O98: 115 | P98: =C98*O98 -> 0
A100: 1/036 | B100: Removal of ‘Basic Layout’ as per drawing on P.21 of the Safety at Street Works and Road Works - A code of practice booklet, on an all purpose single carriageway road, restricted to 40mph or less. | C100: ='Series 100 Input'!H100 -> 0 | D100: Item | E100: 272.25 | F100: =C100*E100 -> 0 | G100: 495 | H100: =C100*G100 -> 0 | I100: 17.99 | J100: =C100*I100 -> 0 | K100: 50 | L100: =C100*K100 -> 0 | M100: 280.5 | N100: =C100*M100 -> 0 | O100: 293.25 | P100: =C100*O100 -> 0
B102: <40mph (Dual carriageway)
B104: Right Lane
A106: 1/037 | B106: Erection of ‘Basic Layout’ as per drawing on P.41 of the Safety at Street Works and Road Works - A code of practice booklet, on an all purpose dual carriageway road, restricted to 40mph or less. | C106: ='Series 100 Input'!H106 -> 0 | D106: Item | E106: 272.25 | F106: =C106*E106 -> 0 | G106: 495 | H106: =C106*G106 -> 0 | I106: 100.49 | J106: =C106*I106 -> 0 | K106: 200 | L106: =C106*K106 -> 0 | M106: 280.5 | N106: =C106*M106 -> 0 | O106: 293.25 | P106: =C106*O106 -> 0
A108: 1/038 | B108: Maintenance of ‘Basic Layout’ as per drawing on P.41 of the Safety at Street Works and Road Works - A code of practice booklet, on an all purpose dual carriageway road, restricted to 40mph or less. | C108: ='Series 100 Input'!H108 -> 0 | D108: Day | E108: 18.15 | F108: =C108*E108 -> 0 | G108: 795 | H108: =C108*G108 -> 0 | I108: 530.96 | J108: =C108*I108 -> 0 | K108: 125 | L108: =C108*K108 -> 0 | M108: 110 | N108: =C108*M108 -> 0 | O108: 115 | P108: =C108*O108 -> 0
A110: 1/039 | B110: Removal of ‘Basic Layout’ as per drawing on P.41 of the Safety at Street Works and Road Works - A code of practice booklet, on an all purpose dual carriageway road, restricted to 40mph or less. | C110: ='Series 100 Input'!H110 -> 0 | D110: Item | E110: 272.25 | F110: =C110*E110 -> 0 | G110: 495 | H110: =C110*G110 -> 0 | I110: 100.49 | J110: =C110*I110 -> 0 | K110: 100 | L110: =C110*K110 -> 0 | M110: 280.5 | N110: =C110*M110 -> 0 | O110: 293.25 | P110: =C110*O110 -> 0
B112: Left Lane
A114: 1/040 | B114: Erection of ‘Basic Layout’ as per drawing on P.42 of the Safety at Street Works and Road Works - A code of practice booklet, on an all purpose dual carriageway road, restricted to 40mph or less. | C114: ='Series 100 Input'!H114 -> 0 | D114: Item | E114: 387.2 | F114: =C114*E114 -> 0 | G114: 495 | H114: =C114*G114 -> 0 | I114: 100.49 | J114: =C114*I114 -> 0 | K114: 250 | L114: =C114*K114 -> 0 | M114: 280.5 | N114: =C114*M114 -> 0 | O114: 293.25 | P114: =C114*O114 -> 0
A116: 1/041 | B116: Maintenance of ‘Basic Layout’ as per drawing on P.42 of the Safety at Street Works and Road Works - A code of practice booklet, on an all purpose dual carriageway road, restricted to 40mph or less. | C116: ='Series 100 Input'!H116 -> 0 | D116: Day | E116: 24.2 | F116: =C116*E116 -> 0 | G116: 795 | H116: =C116*G116 -> 0 | I116: 530.96 | J116: =C116*I116 -> 0 | K116: 125 | L116: =C116*K116 -> 0 | M116: 110 | N116: =C116*M116 -> 0 | O116: 115 | P116: =C116*O116 -> 0
A118: 1/042 | B118: Removal of ‘Basic Layout’ as per drawing on P.42 of the Safety at Street Works and Road Works - A code of practice booklet, on an all purpose dual carriageway road, restricted to 40mph or less. | C118: ='Series 100 Input'!H118 -> 0 | D118: Item | E118: 387.2 | F118: =C118*E118 -> 0 | G118: 495 | H118: =C118*G118 -> 0 | I118: 100.49 | J118: =C118*I118 -> 0 | K118: 100 | L118: =C118*K118 -> 0 | M118: 280.5 | N118: =C118*M118 -> 0 | O118: 293.25 | P118: =C118*O118 -> 0
B120: Parked Vehicle
A122: 1/043 | B122: Erection of ‘parked vehicle’ layout as per drawing on P.38 of the Safety at Street Works and Road Works - A code of practice booklet, on a two lane single carriageway road | C122: ='Series 100 Input'!H122 -> 0 | D122: Item | E122: 272.25 | F122: =C122*E122 -> 0 | G122: 495 | H122: =C122*G122 -> 0 | I122: 2.26 | J122: =C122*I122 -> 0 | K122: 75 | L122: =C122*K122 -> 0 | M122: 214.5 | N122: =C122*M122 -> 0 | O122: 224.25 | P122: =C122*O122 -> 0
A124: 1/044 | B124: Maintenance of ‘parked vehicle’ layout as per drawing on P.38 of the Safety at Street Works and Road Works - A code of practice booklet, on a two lane single carriageway road | C124: ='Series 100 Input'!H124 -> 0 | D124: Day | E124: 18.15 | F124: =C124*E124 -> 0 | G124: 795 | H124: =C124*G124 -> 0 | I124: 9 | J124: =C124*I124 -> 0 | K124: 50 | L124: =C124*K124 -> 0 | M124: 55 | N124: =C124*M124 -> 0 | O124: 57.5 | P124: =C124*O124 -> 0
A126: 1/045 | B126: Removal of ‘parked vehicle’ layout as per drawing on P.38 of the Safety at Street Works and Road Works - A code of practice booklet, on a two lane single carriageway road | C126: ='Series 100 Input'!H126 -> 0 | D126: Item | E126: 272.25 | F126: =C126*E126 -> 0 | G126: 495 | H126: =C126*G126 -> 0 | I126: 2.26 | J126: =C126*I126 -> 0 | K126: 50 | L126: =C126*K126 -> 0 | M126: 214.5 | N126: =C126*M126 -> 0 | O126: 224.25 | P126: =C126*O126 -> 0
B128: Works in centre of two way road
A130: 1/046 | B130: Erection of ‘works in the centre of a two way road’ layout as per drawing on P.39 of the Safety at Street Works and Road Works - A code of practice booklet, on a two lane single carriageway road | C130: ='Series 100 Input'!H130 -> 0 | D130: Item | E130: 272.25 | F130: =C130*E130 -> 0 | G130: 495 | H130: =C130*G130 -> 0 | I130: 100.49 | J130: =C130*I130 -> 0 | K130: 150 | L130: =C130*K130 -> 0 | M130: 280.5 | N130: =C130*M130 -> 0 | O130: 293.25 | P130: =C130*O130 -> 0
A132: 1/047 | B132: Maintenance of ‘works in the centre of a two way road’ layout as per drawing on P.39 of the Safety at Street Works and Road Works - A code of practice booklet, on a two lane single carriageway road | C132: ='Series 100 Input'!H132 -> 0 | D132: Day | E132: 18.15 | F132: =C132*E132 -> 0 | G132: 795 | H132: =C132*G132 -> 0 | I132: 530.96 | J132: =C132*I132 -> 0 | K132: 50 | L132: =C132*K132 -> 0 | M132: 110 | N132: =C132*M132 -> 0 | O132: 115 | P132: =C132*O132 -> 0
A134: 1/048 | B134: Removal of ‘works in the centre of a two way road’ layout as per drawing on P.39 of the Safety at Street Works and Road Works - A code of practice booklet, on a two lane single carriageway road | C134: ='Series 100 Input'!H134 -> 0 | D134: Item | E134: 272.25 | F134: =C134*E134 -> 0 | G134: 495 | H134: =C134*G134 -> 0 | I134: 100.49 | J134: =C134*I134 -> 0 | K134: 100 | L134: =C134*K134 -> 0 | M134: 280.5 | N134: =C134*M134 -> 0 | O134: 293.25 | P134: =C134*O134 -> 0
B136: Give & Take
A138: 1/049 | B138: Erection of ‘Give and Take’ system as per drawing on P.57 of the Safety at Street Works and Road Works - A code of practice booklet, on an all purpose single carriageway road, , restricted to 30mph or less. | C138: ='Series 100 Input'!H138 -> 0 | D138: Item | E138: 272.25 | F138: =C138*E138 -> 0 | G138: 495 | H138: =C138*G138 -> 0 | I138: 35.96 | J138: =C138*I138 -> 0 | K138: 75 | L138: =C138*K138 -> 0 | M138: 214.5 | N138: =C138*M138 -> 0 | O138: 224.25 | P138: =C138*O138 -> 0
A140: 1/050 | B140: Maintenance of ‘Give and Take’ system as per drawing on P.57 of the Safety at Street Works and Road Works - A code of practice booklet, on an all purpose single carriageway road, , restricted to 30mph or less. | C140: ='Series 100 Input'!H140 -> 0 | D140: Day | E140: 14.52 | F140: =C140*E140 -> 0 | G140: 795 | H140: =C140*G140 -> 0 | I140: 71.91 | J140: =C140*I140 -> 0 | K140: 50 | L140: =C140*K140 -> 0 | M140: 55 | N140: =C140*M140 -> 0 | O140: 57.5 | P140: =C140*O140 -> 0
A142: 1/051 | B142: Removal of ‘Give and Take’ system as per drawing on P.57 of the Safety at Street Works and Road Works - A code of practice booklet, on an all purpose single carriageway road, , restricted to 30mph or less. | C142: ='Series 100 Input'!H142 -> 0 | D142: Item | E142: 272.25 | F142: =C142*E142 -> 0 | G142: 495 | H142: =C142*G142 -> 0 | I142: 35.96 | J142: =C142*I142 -> 0 | K142: 50 | L142: =C142*K142 -> 0 | M142: 214.5 | N142: =C142*M142 -> 0 | O142: 224.25 | P142: =C142*O142 -> 0
B144: Priority Signs
B146: < 30 Mph
A148: 1/052 | B148: Erection of ‘Priority Signs’ system as per drawing on P.59 of the Safety at Street Works and Road Works - A code of practice booklet, on an all purpose single carriageway road, , restricted to 30mph or less. | C148: ='Series 100 Input'!H148 -> 0 | D148: Item | E148: 272.25 | F148: =C148*E148 -> 0 | G148: 495 | H148: =C148*G148 -> 0 | I148: 35.96 | J148: =C148*I148 -> 0 | K148: 150 | L148: =C148*K148 -> 0 | M148: 214.5 | N148: =C148*M148 -> 0 | O148: 224.25 | P148: =C148*O148 -> 0
A150: 1/053 | B150: Maintenance of ‘Priority Signs’ system as per drawing on P.59 of the Safety at Street Works and Road Works - A code of practice booklet, on an all purpose single carriageway road, , restricted to 30mph or less. | C150: ='Series 100 Input'!H150 -> 0 | D150: Day | E150: 12.1 | F150: =C150*E150 -> 0 | G150: 795 | H150: =C150*G150 -> 0 | I150: 71.91 | J150: =C150*I150 -> 0 | K150: 50 | L150: =C150*K150 -> 0 | M150: 55 | N150: =C150*M150 -> 0 | O150: 57.5 | P150: =C150*O150 -> 0
A152: 1/054 | B152: Removal of ‘Priority Signs’ system as per drawing on P.59 of the Safety at Street Works and Road Works - A code of practice booklet, on an all purpose single carriageway road, , restricted to 30mph or less. | C152: ='Series 100 Input'!H152 -> 0 | D152: Item | E152: 272.25 | F152: =C152*E152 -> 0 | G152: 495 | H152: =C152*G152 -> 0 | I152: 35.96 | J152: =C152*I152 -> 0 | K152: 75 | L152: =C152*K152 -> 0 | M152: 214.5 | N152: =C152*M152 -> 0 | O152: 224.25 | P152: =C152*O152 -> 0
B154: 30mph - 40mph
A156: 1/055 | B156: Erection of ‘Priority Signs’ system as per drawing on P.59 of the Safety at Street Works and Road Works - A code of practice booklet, on an all purpose single carriageway road, restricted to 40mph or less. | C156: ='Series 100 Input'!H156 -> 0 | D156: Item | E156: 272.25 | F156: =C156*E156 -> 0 | G156: 495 | H156: =C156*G156 -> 0 | I156: 35.96 | J156: =C156*I156 -> 0 | K156: 150 | L156: =C156*K156 -> 0 | M156: 214.5 | N156: =C156*M156 -> 0 | O156: 224.25 | P156: =C156*O156 -> 0
A158: 1/056 | B158: Maintenance of ‘Priority Signs’ system as per drawing on P.59 of the Safety at Street Works and Road Works - A code of practice booklet, on an all purpose single carriageway road, restricted to 40mph or less. | C158: ='Series 100 Input'!H158 -> 0 | D158: Day | E158: 12.1 | F158: =C158*E158 -> 0 | G158: 795 | H158: =C158*G158 -> 0 | I158: 71.91 | J158: =C158*I158 -> 0 | K158: 50 | L158: =C158*K158 -> 0 | M158: 55 | N158: =C158*M158 -> 0 | O158: 57.5 | P158: =C158*O158 -> 0
A160: 1/057 | B160: Removal of ‘Priority Signs’ system as per drawing on P.59 of the Safety at Street Works and Road Works - A code of practice booklet, on an all purpose single carriageway road, restricted to 40mph or less. | C160: ='Series 100 Input'!H160 -> 0 | D160: Item | E160: 272.25 | F160: =C160*E160 -> 0 | G160: 495 | H160: =C160*G160 -> 0 | I160: 35.96 | J160: =C160*I160 -> 0 | K160: 75 | L160: =C160*K160 -> 0 | M160: 214.5 | N160: =C160*M160 -> 0 | O160: 224.25 | P160: =C160*O160 -> 0
B162: 30mph - 40mph
A164: 1/058 | B164: Erection of ‘Priority Signs’ system as per drawing on P.59 of the Safety at Street Works and Road Works - A code of practice booklet, on an all purpose single carriageway road, restricted to 40mph or less. | C164: ='Series 100 Input'!H164 -> 0 | D164: Item | E164: 272.25 | F164: =C164*E164 -> 0 | G164: 495 | H164: =C164*G164 -> 0 | I164: 35.96 | J164: =C164*I164 -> 0 | K164: 150 | L164: =C164*K164 -> 0 | M164: 214.5 | N164: =C164*M164 -> 0 | O164: 224.25 | P164: =C164*O164 -> 0
A166: 1/059 | B166: Maintenance of ‘Priority Signs’ system as per drawing on P.59 of the Safety at Street Works and Road Works - A code of practice booklet, on an all purpose single carriageway road, restricted to 40mph or less. | C166: ='Series 100 Input'!H166 -> 0 | D166: Day | E166: 12.1 | F166: =C166*E166 -> 0 | G166: 795 | H166: =C166*G166 -> 0 | I166: 71.91 | J166: =C166*I166 -> 0 | K166: 50 | L166: =C166*K166 -> 0 | M166: 55 | N166: =C166*M166 -> 0 | O166: 57.5 | P166: =C166*O166 -> 0
A168: 1/060 | B168: Removal of ‘Priority Signs’ system as per drawing on P.59 of the Safety at Street Works and Road Works - A code of practice booklet, on an all purpose single carriageway road, restricted to 40mph or less. | C168: ='Series 100 Input'!H168 -> 0 | D168: Item | E168: 272.25 | F168: =C168*E168 -> 0 | G168: 495 | H168: =C168*G168 -> 0 | I168: 35.96 | J168: =C168*I168 -> 0 | K168: 75 | L168: =C168*K168 -> 0 | M168: 214.5 | N168: =C168*M168 -> 0 | O168: 224.25 | P168: =C168*O168 -> 0
C170: ='Series 100 Input'!H170 -> 0 | F170: =C170*E170 -> 0 | H170: =C170*G170 -> 0 | J170: =C170*I170 -> 0 | L170: =C170*K170 -> 0 | N170: =C170*M170 -> 0 | P170: =C170*O170 -> 0
B171: Traffic Control
B173: Stop / Go
B174: <30mph
A176: 1/061 | B176: Erection of ‘Stop/Go boards’ system as per drawing on p.65 of the Safety at Street Works and Road Works - A code of practice booklet, on an all purpose single carriageway road, restricted to 30mph or less. | C176: ='Series 100 Input'!H176 -> 0 | D176: Item | E176: 121 | F176: =C176*E176 -> 0 | G176: 495 | H176: =C176*G176 -> 0 | I176: 17.99 | J176: =C176*I176 -> 0 | K176: 100 | L176: =C176*K176 -> 0 | M176: 236.5 | N176: =C176*M176 -> 0 | O176: 247.25 | P176: =C176*O176 -> 0
A178: 1/062 | B178: Maintenance of ‘Stop/Go boards’ system as per drawing on p.65 of the Safety at Street Works and Road Works - A code of practice booklet, on an all purpose single carriageway road, restricted to 30mph or less. | C178: ='Series 100 Input'!H178 -> 0 | D178: Day | E178: 629.2 | F178: =C178*E178 -> 0 | G178: 795 | H178: =C178*G178 -> 0 | I178: 575.24 | J178: =C178*I178 -> 0 | K178: 300 | L178: =C178*K178 -> 0 | M178: 5.5 | N178: =C178*M178 -> 0 | O178: 5.75 | P178: =C178*O178 -> 0
A180: 1/063 | B180: Removal of ‘Stop/Go boards’ system as per drawing on p.65 of the Safety at Street Works and Road Works - A code of practice booklet, on an all purpose single carriageway road, restricted to 30mph or less. | C180: ='Series 100 Input'!H180 -> 0 | D180: Item | E180: 121 | F180: =C180*E180 -> 0 | G180: 495 | H180: =C180*G180 -> 0 | I180: 17.99 | J180: =C180*I180 -> 0 | K180: 75 | L180: =C180*K180 -> 0 | M180: 236.5 | N180: =C180*M180 -> 0 | O180: 247.25 | P180: =C180*O180 -> 0
B182: 30 < 40mph
A184: 1/064 | B184: Erection of ‘Stop/Go boards’ system as per drawing on p.65 of the Safety at Street Works and Road Works - A code of practice booklet, on an all purpose single carriageway road, restricted to 40mph or less. | C184: ='Series 100 Input'!H184 -> 0 | D184: Item | E184: 121 | F184: =C184*E184 -> 0 | G184: 495 | H184: =C184*G184 -> 0 | I184: 17.99 | J184: =C184*I184 -> 0 | K184: 100 | L184: =C184*K184 -> 0 | M184: 236.5 | N184: =C184*M184 -> 0 | O184: 247.25 | P184: =C184*O184 -> 0
A186: 1/065 | B186: Maintenance of ‘Stop/Go boards’ system as per drawing on p.65 of the Safety at Street Works and Road Works - A code of practice booklet, on an all purpose single carriageway road, restricted to 40mph or less. | C186: ='Series 100 Input'!H186 -> 0 | D186: Day | E186: 629.2 | F186: =C186*E186 -> 0 | G186: 795 | H186: =C186*G186 -> 0 | I186: 575.24 | J186: =C186*I186 -> 0 | K186: 300 | L186: =C186*K186 -> 0 | M186: 5.5 | N186: =C186*M186 -> 0 | O186: 5.75 | P186: =C186*O186 -> 0
A188: 1/066 | B188: Removal of ‘Stop/Go boards’ system as per drawing on p.65 of the Safety at Street Works and Road Works - A code of practice booklet, on an all purpose single carriageway road, restricted to 40mph or less. | C188: ='Series 100 Input'!H188 -> 0 | D188: Item | E188: 121 | F188: =C188*E188 -> 0 | G188: 495 | H188: =C188*G188 -> 0 | I188: 17.99 | J188: =C188*I188 -> 0 | K188: 75 | L188: =C188*K188 -> 0 | M188: 236.5 | N188: =C188*M188 -> 0 | O188: 247.25 | P188: =C188*O188 -> 0
B190: 40 < 60mph
A192: 1/067 | B192: Erection of ‘Stop/Go boards’ system as per drawing on p.65 of the Safety at Street Works and Road Works - A code of practice booklet, on an all purpose single carriageway road, restricted to 60mph or less. | C192: ='Series 100 Input'!H192 -> 0 | D192: Item | E192: 121 | F192: =C192*E192 -> 0 | G192: 495 | H192: =C192*G192 -> 0 | I192: 82.51 | J192: =C192*I192 -> 0 | K192: 185 | L192: =C192*K192 -> 0 | M192: 236.5 | N192: =C192*M192 -> 0 | O192: 247.25 | P192: =C192*O192 -> 0
A194: 1/068 | B194: Maintenance of ‘Stop/Go boards’ system as per drawing on p.65 of the Safety at Street Works and Road Works - A code of practice booklet, on an all purpose single carriageway road, restricted to 60mph or less. | C194: ='Series 100 Input'!H194 -> 0 | D194: Day | E194: 629.2 | F194: =C194*E194 -> 0 | G194: 795 | H194: =C194*G194 -> 0 | I194: 495.01 | J194: =C194*I194 -> 0 | K194: 300 | L194: =C194*K194 -> 0 | M194: 5.5 | N194: =C194*M194 -> 0 | O194: 5.75 | P194: =C194*O194 -> 0
O195: 0
...

Sheet Series 100 Input
A1: SERIES 100: PRELIMINARIES
A3: Item | B3: Description | C3: Design | E3: Tayside Contracts | H3: Final | J3: TC
C4: Qty | D4: Unit | E4: Rate | F4: Cost | H4: Qty | I4: Unit | J4: Cost
B6: Temporary Accommodation
A8: 1/001 | B8: Erection of offices and messes for the Contractor (Comply with appendix 0/6) | C8: 1 | D8: Item | E8: 120 | F8: =IF('Series 100 Design'!$F8 = 0,,'Series 100 Design'!$F8) -> 120 | I8: Item | J8: =IF('Series 100 Final'!$F8 = 0,,'Series 100 Final'!$F8) -> 0
A10: 1/002 | B10: Servicing of offices and messes for the Contractor (Comply with appendix 0/6) | C10: 10 | D10: Day | E10: 100 | F10: =IF('Series 100 Design'!$F10 = 0,,'Series 100 Design'!$F10) -> 1000 | I10: Day | J10: =IF('Series 100 Final'!$F10 = 0,,'Series 100 Final'!$F10) -> 0
A12: 1/003 | B12: Dismantling of offices and messes for the Contractor (Comply with appendix 0/6) | C12: 1 | D12: Item | E12: 120 | F12: =IF('Series 100 Design'!$F12 = 0,,'Series 100 Design'!$F12) -> 120 | I12: Item | J12: =IF('Series 100 Final'!$F12 = 0,,'Series 100 Final'!$F12) -> 0
A14: 1/004 | B14: Erection of stores and workshops for the Contractor | D14: Item | E14: 120 | F14: =IF('Series 100 Design'!$F14 = 0,,'Series 100 Design'!$F14) -> 0 | I14: Item | J14: =IF('Series 100 Final'!$F14 = 0,,'Series 100 Final'!$F14) -> 0
A16: 1/005 | B16: Servicing of stores and workshops for the Contractor | D16: Day | E16: 100 | F16: =IF('Series 100 Design'!$F16 = 0,,'Series 100 Design'!$F16) -> 0 | I16: Day | J16: =IF('Series 100 Final'!$F16 = 0,,'Series 100 Final'!$F16) -> 0
A18: 1/006 | B18: Dismantling of stores and workshops for the Contractor | D18: Item | E18: 120 | F18: =IF('Series 100 Design'!$F18 = 0,,'Series 100 Design'!$F18) -> 0 | I18: Item | J18: =IF('Series 100 Final'!$F18 = 0,,'Series 100 Final'!$F18) -> 0
B20: Information Boards & Signs
A22: 1/007 | B22: Uplift, place out, maintain and remove Information board as per example on P.23 of the Safety at Street Works and Road Works | D22: No | E22: 217.8 | F22: =IF('Series 100 Design'!$F22 = 0,,'Series 100 Design'!$F22) -> 0 | I22: No | J22: =IF('Series 100 Final'!$F22 = 0,,'Series 100 Final'!$F22) -> 0
A24: 1/008 | B24: Supply, place out, maintain and remove Information sign as described | D24: No | E24: 217.8 | F24: =IF('Series 100 Design'!$F24 = 0,,'Series 100 Design'!$F24) -> 0 | I24: No | J24: =IF('Series 100 Final'!$F24 = 0,,'Series 100 Final'!$F24) -> 0
B26: Traffic Safety and Management
B28: Road Closures
A30: 1/009 | B30: Erect, maintain and remove all pedestrian & traffic safety measures as per standard drawing 100/1 (Type 1) full closure to facilitate road closures. | C30: 1 | D30: Day | E30: 629.2 | F30: =IF('Series 100 Design'!$F30 = 0,,'Series 100 Design'!$F30) -> 629.2 | I30: Day | J30: =IF('Series 100 Final'!$F30 = 0,,'Series 100 Final'!$F30) -> 0
A32: 1/010 | B32: Erect, maintain and remove all pedestrian & traffic safety measures as per standard drawing 100/1 (Type 2 )half gate to facilitate road closures. | D32: Day | E32: 629.2 | F32: =IF('Series 100 Design'!$F32 = 0,,'Series 100 Design'!$F32) -> 0 | I32: Day | J32: =IF('Series 100 Final'!$F32 = 0,,'Series 100 Final'!$F32) -> 0
A34: 1/011 | B34: Erect, maintain and remove all pedestrian & traffic safety measures as per standard drawing 100/1 (Type 2A )half gate to facilitate road closures. | D34: Day | E34: 629.2 | F34: =IF('Series 100 Design'!$F34 = 0,,'Series 100 Design'!$F34) -> 0 | I34: Day | J34: =IF('Series 100 Final'!$F34 = 0,,'Series 100 Final'!$F34) -> 0
A36: 1/012 | B36: Erect, maintain and remove all pedestrian & traffic safety measures as per standard drawing 100/2 (Type 3 )half gate to facilitate road closures. | D36: Day | E36: 629.2 | F36: =IF('Series 100 Design'!$F36 = 0,,'Series 100 Design'!$F36) -> 0 | I36: Day | J36: =IF('Series 100 Final'!$F36 = 0,,'Series 100 Final'!$F36) -> 0
A38: 1/013 | B38: extra over for item temporary traffic barriers on P.95 of the Safety at Street Works and Road Works - A code of practice booklet | D38: Lin.m | E38: 0.3 | F38: =IF('Series 100 Design'!$F38 = 0,,'Series 100 Design'!$F38) -> 0 | I38: Lin.m | J38: =IF('Series 100 Final'!$F38 = 0,,'Series 100 Final'!$F38) -> 0
A40: 1/014 | B40: Extra over for traffic management operatives to manage road closure site extents | D40: Day | E40: 629.2 | F40: =IF('Series 100 Design'!$F40 = 0,,'Series 100 Design'!$F40) -> 0 | I40: Day | J40: =IF('Series 100 Final'!$F40 = 0,,'Series 100 Final'!$F40) -> 0
B42: Diversions
A44: 1/015 | B44: Supply of standard temporary signage 1050x750mm (Road Closed 7010.1, Road Ahead Closed 7010.1, Diversion End 2702, Diversion 2702) as per drawing 100/3 | D44: no | E44: 2.42 | F44: =IF('Series 100 Design'!$F44 = 0,,'Series 100 Design'!$F44) -> 0 | I44: no | J44: =IF('Series 100 Final'!$F44 = 0,,'Series 100 Final'!$F44) -> 0
A46: 1/016 | B46: Supply of standard temporary signage 1050x450mm (diverted traffic 2703, 2704) as per drawing 100/3 | D46: no | E46: 2.42 | F46: =IF('Series 100 Design'!$F46 = 0,,'Series 100 Design'!$F46) -> 0 | I46: no | J46: =IF('Series 100 Final'!$F46 = 0,,'Series 100 Final'!$F46) -> 0
A48: 1/017 | B48: Supply of non-standard temporary signage 1050x750mm as directed | D48: no | E48: 30.25 | F48: =IF('Series 100 Design'!$F48 = 0,,'Series 100 Design'!$F48) -> 0 | I48: no | J48: =IF('Series 100 Final'!$F48 = 0,,'Series 100 Final'!$F48) -> 0
A50: 1/018 | B50: Supply of non-standard temporary signage 1050x450mm as directed | D50: no | E50: 30.25 | F50: =IF('Series 100 Design'!$F50 = 0,,'Series 100 Design'!$F50) -> 0 | I50: no | J50: =IF('Series 100 Final'!$F50 = 0,,'Series 100 Final'!$F50) -> 0
A52: 1/019 | B52: Extra over for item temporary1050x750mm signage in frames with extended legs | D52: no | E52: 2.42 | F52: =IF('Series 100 Design'!$F52 = 0,,'Series 100 Design'!$F52) -> 0 | I52: no | J52: =IF('Series 100 Final'!$F52 = 0,,'Series 100 Final'!$F52) -> 0
A54: 1/020 | B54: Extra over for item temporary1050x450mm signage in frames with extended legs | D54: no | E54: 2.42 | F54: =IF('Series 100 Design'!$F54 = 0,,'Series 100 Design'!$F54) -> 0 | I54: no | J54: =IF('Series 100 Final'!$F54 = 0,,'Series 100 Final'!$F54) -> 0
A56: 1/021 | B56: Supply of non-standard temporary signage 1200x1200mm as directed as per Drawing 100/3 (Z series) | D56: no | E56: 60.5 | F56: =IF('Series 100 Design'!$F56 = 0,,'Series 100 Design'!$F56) -> 0 | I56: no | J56: =IF('Series 100 Final'!$F56 = 0,,'Series 100 Final'!$F56) -> 0
A58: 1/022 | B58: Extra over for item temporary1200x1200mm signage in frames with extended legs | D58: No | E58: 2.42 | F58: =IF('Series 100 Design'!$F58 = 0,,'Series 100 Design'!$F58) -> 0 | I58: No | J58: =IF('Series 100 Final'!$F58 = 0,,'Series 100 Final'!$F58) -> 0
B60: < 5 mile Diversion | F60: =IF('Series 100 Design'!$F60 = 0,,'Series 100 Design'!$F60) -> 0 | J60: =IF('Series 100 Final'!$F60 = 0,,'Series 100 Final'!$F60) -> 0
A62: 1/023 | B62: Erection of temporary diversion route as per shown 3.3 on P.37 Chapter 8 Traffic Signs Manual part 1. | C62: 4 | D62: Item | E62: 393.25 | F62: =IF('Series 100 Design'!$F62 = 0,,'Series 100 Design'!$F62) -> 1573 | I62: Item | J62: =IF('Series 100 Final'!$F62 = 0,,'Series 100 Final'!$F62) -> 0
A64: 1/024 | B64: Maintenance of temporary diversion route as shown figure 3.3 on P.37 Chapter 8 Traffic Signs Manual part 1. | C64: 10 | D64: Day | E64: 121 | F64: =IF('Series 100 Design'!$F64 = 0,,'Series 100 Design'!$F64) -> 1210 | I64: Day | J64: =IF('Series 100 Final'!$F64 = 0,,'Series 100 Final'!$F64) -> 0
A66: 1/025 | B66: Removal of temporary diversion route as per shown 3.3 on P.37 Chapter 8 Traffic Signs Manual part 1. | C66: 4 | D66: item | E66: 393.25 | F66: =IF('Series 100 Design'!$F66 = 0,,'Series 100 Design'!$F66) -> 1573 | I66: item | J66: =IF('Series 100 Final'!$F66 = 0,,'Series 100 Final'!$F66) -> 0
B68: 5 - 25 Mile Diversion | F68: =IF('Series 100 Design'!$F68 = 0,,'Series 100 Design'!$F68) -> 0 | J68: =IF('Series 100 Final'!$F68 = 0,,'Series 100 Final'!$F68) -> 0
A70: 1/026 | B70: Erection of temporary diversion route as per shown 3.3 on P.37 Chapter 8 Traffic Signs Manual part 1. | D70: Item | E70: 477.95 | F70: =IF('Series 100 Design'!$F70 = 0,,'Series 100 Design'!$F70) -> 0 | I70: Item | J70: =IF('Series 100 Final'!$F70 = 0,,'Series 100 Final'!$F70) -> 0
A72: 1/027 | B72: Maintenance of temporary diversion route as shown figure 3.3 on P.37 Chapter 8 Traffic Signs Manual part 1. | D72: Day | E72: 121 | F72: =IF('Series 100 Design'!$F72 = 0,,'Series 100 Design'!$F72) -> 0 | I72: Day | J72: =IF('Series 100 Final'!$F72 = 0,,'Series 100 Final'!$F72) -> 0
A74: 1/028 | B74: Removal of temporary diversion route as per shown 3.3 on P.37 Chapter 8 Traffic Signs Manual part 1. | D74: item | E74: 477.95 | F74: =IF('Series 100 Design'!$F74 = 0,,'Series 100 Design'!$F74) -> 0 | I74: item | J74: =IF('Series 100 Final'!$F74 = 0,,'Series 100 Final'!$F74) -> 0
B76: > 25 Mile Diversion | F76: =IF('Series 100 Design'!$F76 = 0,,'Series 100 Design'!$F76) -> 0 | J76: =IF('Series 100 Final'!$F76 = 0,,'Series 100 Final'!$F76) -> 0
A78: 1/029 | B78: Erection of temporary diversion route as per shown 3.3 on P.37 Chapter 8 Traffic Signs Manual part 1. | D78: Item | E78: 665.5 | F78: =IF('Series 100 Design'!$F78 = 0,,'Series 100 Design'!$F78) -> 0 | I78: Item | J78: =IF('Series 100 Final'!$F78 = 0,,'Series 100 Final'!$F78) -> 0
A80: 1/030 | B80: Maintenance of temporary diversion route as shown figure 3.3 on P.37 Chapter 8 Traffic Signs Manual part 1. | D80: Day | E80: 181.5 | F80: =IF('Series 100 Design'!$F80 = 0,,'Series 100 Design'!$F80) -> 0 | I80: Day | J80: =IF('Series 100 Final'!$F80 = 0,,'Series 100 Final'!$F80) -> 0
A82: 1/031 | B82: Removal of temporary diversion route as per shown 3.3 on P.37 Chapter 8 Traffic Signs Manual part 1. | D82: item | E82: 665.5 | F82: =IF('Series 100 Design'!$F82 = 0,,'Series 100 Design'!$F82) -> 0 | I82: item | J82: =IF('Series 100 Final'!$F82 = 0,,'Series 100 Final'!$F82) -> 0
B84: Basic Layout
B86: <30mph (single carriageway)
A88: 1/031 | B88: Erection of ‘Basic Layout’ as per drawing on P.21 of the Safety at Street Works and Road Works - A code of practice booklet, on an all purpose single carriageway road, , restricted to 30mph or less. | D88: Item | E88: 272.25 | F88: =IF('Series 100 Design'!$F88 = 0,,'Series 100 Design'!$F88) -> 0 | I88: Item | J88: =IF('Series 100 Final'!$F88 = 0,,'Series 100 Final'!$F88) -> 0
A90: 1/032 | B90: Maintenance of ‘Basic Layout’ as per drawing on P.21 of the Safety at Street Works and Road Works - A code of practice booklet, on an all purpose single carriageway road, , restricted to 30mph or less. | D90: Day | E90: 12.1 | F90: =IF('Series 100 Design'!$F90 = 0,,'Series 100 Design'!$F90) -> 0 | I90: Day | J90: =IF('Series 100 Final'!$F90 = 0,,'Series 100 Final'!$F90) -> 0
A92: 1/033 | B92: Removal of ‘Basic Layout’ as per drawing on P.21 of the Safety at Street Works and Road Works - A code of practice booklet, on an all purpose single carriageway road, , restricted to 30mph or less. | D92: Item | E92: 272.25 | F92: =IF('Series 100 Design'!$F92 = 0,,'Series 100 Design'!$F92) -> 0 | I92: Item | J92: =IF('Series 100 Final'!$F92 = 0,,'Series 100 Final'!$F92) -> 0
B94: <40mph (single carriageway)
A96: 1/034 | B96: Erection of ‘Basic Layout’ as per drawing on P.21 of the Safety at Street Works and Road Works - A code of practice booklet, on an all purpose single carriageway road, restricted to 40mph or less. | D96: Item | E96: 272.25 | F96: =IF('Series 100 Design'!$F96 = 0,,'Series 100 Design'!$F96) -> 0 | I96: Item | J96: =IF('Series 100 Final'!$F96 = 0,,'Series 100 Final'!$F96) -> 0
A98: 1/035 | B98: Maintenance of ‘Basic Layout’ as per drawing on P.21 of the Safety at Street Works and Road Works - A code of practice booklet, on an all purpose single carriageway road, restricted to 40mph or less. | D98: Day | E98: 12.1 | F98: =IF('Series 100 Design'!$F98 = 0,,'Series 100 Design'!$F98) -> 0 | I98: Day | J98: =IF('Series 100 Final'!$F98 = 0,,'Series 100 Final'!$F98) -> 0
A100: 1/036 | B100: Removal of ‘Basic Layout’ as per drawing on P.21 of the Safety at Street Works and Road Works - A code of practice booklet, on an all purpose single carriageway road, restricted to 40mph or less. | D100: Item | E100: 272.25 | F100: =IF('Series 100 Design'!$F100 = 0,,'Series 100 Design'!$F100) -> 0 | I100: Item | J100: =IF('Series 100 Final'!$F100 = 0,,'Series 100 Final'!$F100) -> 0
B102: <40mph (Dual carriageway)
B104: Right Lane
A106: 1/037 | B106: Erection of ‘Basic Layout’ as per drawing on P.41 of the Safety at Street Works and Road Works - A code of practice booklet, on an all purpose dual carriageway road, restricted to 40mph or less. | D106: Item | E106: 272.25 | F106: =IF('Series 100 Design'!$F106 = 0,,'Series 100 Design'!$F106) -> 0 | I106: Item | J106: =IF('Series 100 Final'!$F106 = 0,,'Series 100 Final'!$F106) -> 0
A108: 1/038 | B108: Maintenance of ‘Basic Layout’ as per drawing on P.41 of the Safety at Street Works and Road Works - A code of practice booklet, on an all purpose dual carriageway road, restricted to 40mph or less. | D108: Day | E108: 18.15 | F108: =IF('Series 100 Design'!$F108 = 0,,'Series 100 Design'!$F108) -> 0 | I108: Day | J108: =IF('Series 100 Final'!$F108 = 0,,'Series 100 Final'!$F108) -> 0
A110: 1/039 | B110: Removal of ‘Basic Layout’ as per drawing on P.41 of the Safety at Street Works and Road Works - A code of practice booklet, on an all purpose dual carriageway road, restricted to 40mph or less. | D110: Item | E110: 272.25 | F110: =IF('Series 100 Design'!$F110 = 0,,'Series 100 Design'!$F110) -> 0 | I110: Item | J110: =IF('Series 100 Final'!$F110 = 0,,'Series 100 Final'!$F110) -> 0
B112: Left Lane
A114: 1/040 | B114: Erection of ‘Basic Layout’ as per drawing on P.42 of the Safety at Street Works and Road Works - A code of practice booklet, on an all purpose dual carriageway road, restricted to 40mph or less. | D114: Item | E114: 387.2 | F114: =IF('Series 100 Design'!$F114 = 0,,'Series 100 Design'!$F114) -> 0 | I114: Item | J114: =IF('Series 100 Final'!$F114 = 0,,'Series 100 Final'!$F114) -> 0
A116: 1/041 | B116: Maintenance of ‘Basic Layout’ as per drawing on P.42 of the Safety at Street Works and Road Works - A code of practice booklet, on an all purpose dual carriageway road, restricted to 40mph or less. | D116: Day | E116: 24.2 | F116: =IF('Series 100 Design'!$F116 = 0,,'Series 100 Design'!$F116) -> 0 | I116: Day | J116: =IF('Series 100 Final'!$F116 = 0,,'Series 100 Final'!$F116) -> 0
A118: 1/042 | B118: Removal of ‘Basic Layout’ as per drawing on P.42 of the Safety at Street Works and Road Works - A code of practice booklet, on an all purpose dual carriageway road, restricted to 40mph or less. | D118: Item | E118: 387.2 | F118: =IF('Series 100 Design'!$F118 = 0,,'Series 100 Design'!$F118) -> 0 | I118: Item | J118: =IF('Series 100 Final'!$F118 = 0,,'Series 100 Final'!$F118) -> 0
B120: Parked Vehicle
A122: 1/043 | B122: Erection of ‘parked vehicle’ layout as per drawing on P.38 of the Safety at Street Works and Road Works - A code of practice booklet, on a two lane single carriageway road | D122: Item | E122: 272.25 | F122: =IF('Series 100 Design'!$F122 = 0,,'Series 100 Design'!$F122) -> 0 | I122: Item | J122: =IF('Series 100 Final'!$F122 = 0,,'Series 100 Final'!$F122) -> 0
A124: 1/044 | B124: Maintenance of ‘parked vehicle’ layout as per drawing on P.38 of the Safety at Street Works and Road Works - A code of practice booklet, on a two lane single carriageway road | D124: Day | E124: 18.15 | F124: =IF('Series 100 Design'!$F124 = 0,,'Series 100 Design'!$F124) -> 0 | I124: Day | J124: =IF('Series 100 Final'!$F124 = 0,,'Series 100 Final'!$F124) -> 0
A126: 1/045 | B126: Removal of ‘parked vehicle’ layout as per drawing on P.38 of the Safety at Street Works and Road Works - A code of practice booklet, on a two lane single carriageway road | D126: Item | E126: 272.25 | F126: =IF('Series 100 Design'!$F126 = 0,,'Series 100 Design'!$F126) -> 0 | I126: Item | J126: =IF('Series 100 Final'!$F126 = 0,,'Series 100 Final'!$F126) -> 0
B128: Works in centre of two way road
A130: 1/046 | B130: Erection of ‘works in the centre of a two way road’ layout as per drawing on P.39 of the Safety at Street Works and Road Works - A code of practice booklet, on a two lane single carriageway road | D130: Item | E130: 272.25 | F130: =IF('Series 100 Design'!$F130 = 0,,'Series 100 Design'!$F130) -> 0 | I130: Item | J130: =IF('Series 100 Final'!$F130 = 0,,'Series 100 Final'!$F130) -> 0
A132: 1/047 | B132: Maintenance of ‘works in the centre of a two way road’ layout as per drawing on P.39 of the Safety at Street Works and Road Works - A code of practice booklet, on a two lane single carriageway road | D132: Day | E132: 18.15 | F132: =IF('Series 100 Design'!$F132 = 0,,'Series 100 Design'!$F132) -> 0 | I132: Day | J132: =IF('Series 100 Final'!$F132 = 0,,'Series 100 Final'!$F132) -> 0
A134: 1/048 | B134: Removal of ‘works in the centre of a two way road’ layout as per drawing on P.39 of the Safety at Street Works and Road Works - A code of practice booklet, on a two lane single carriageway road | D134: Item | E134: 272.25 | F134: =IF('Series 100 Design'!$F134 = 0,,'Series 100 Design'!$F134) -> 0 | I134: Item | J134: =IF('Series 100 Final'!$F134 = 0,,'Series 100 Final'!$F134) -> 0
B136: Give & Take
A138: 1/049 | B138: Erection of ‘Give and Take’ system as per drawing on P.57 of the Safety at Street Works and Road Works - A code of practice booklet, on an all purpose single carriageway road, , restricted to 30mph or less. | D138: Item | E138: 272.25 | F138: =IF('Series 100 Design'!$F138 = 0,,'Series 100 Design'!$F138) -> 0 | I138: Item | J138: =IF('Series 100 Final'!$F138 = 0,,'Series 100 Final'!$F138) -> 0
A140: 1/050 | B140: Maintenance of ‘Give and Take’ system as per drawing on P.57 of the Safety at Street Works and Road Works - A code of practice booklet, on an all purpose single carriageway road, , restricted to 30mph or less. | D140: Day | E140: 14.52 | F140: =IF('Series 100 Design'!$F140 = 0,,'Series 100 Design'!$F140) -> 0 | I140: Day | J140: =IF('Series 100 Final'!$F140 = 0,,'Series 100 Final'!$F140) -> 0
A142: 1/051 | B142: Removal of ‘Give and Take’ system as per drawing on P.57 of the Safety at Street Works and Road Works - A code of practice booklet, on an all purpose single carriageway road, , restricted to 30mph or less. | D142: Item | E142: 272.25 | F142: =IF('Series 100 Design'!$F142 = 0,,'Series 100 Design'!$F142) -> 0 | I142: Item | J142: =IF('Series 100 Final'!$F142 = 0,,'Series 100 Final'!$F142) -> 0
B144: Priority Signs
B146: < 30 Mph
A148: 1/052 | B148: Erection of ‘Priority Signs’ system as per drawing on P.59 of the Safety at Street Works and Road Works - A code of practice booklet, on an all purpose single carriageway road, , restricted to 30mph or less. | D148: Item | E148: 272.25 | F148: =IF('Series 100 Design'!$F148 = 0,,'Series 100 Design'!$F148) -> 0 | I148: Item | J148: =IF('Series 100 Final'!$F148 = 0,,'Series 100 Final'!$F148) -> 0
A150: 1/053 | B150: Maintenance of ‘Priority Signs’ system as per drawing on P.59 of the Safety at Street Works and Road Works - A code of practice booklet, on an all purpose single carriageway road, , restricted to 30mph or less. | D150: Day | E150: 12.1 | F150: =IF('Series 100 Design'!$F150 = 0,,'Series 100 Design'!$F150) -> 0 | I150: Day | J150: =IF('Series 100 Final'!$F150 = 0,,'Series 100 Final'!$F150) -> 0
A152: 1/054 | B152: Removal of ‘Priority Signs’ system as per drawing on P.59 of the Safety at Street Works and Road Works - A code of practice booklet, on an all purpose single carriageway road, , restricted to 30mph or less. | D152: Item | E152: 272.25 | F152: =IF('Series 100 Design'!$F152 = 0,,'Series 100 Design'!$F152) -> 0 | I152: Item | J152: =IF('Series 100 Final'!$F152 = 0,,'Series 100 Final'!$F152) -> 0
B154: 30mph - 40mph
A156: 1/055 | B156: Erection of ‘Priority Signs’ system as per drawing on P.59 of the Safety at Street Works and Road Works - A code of practice booklet, on an all purpose single carriageway road, restricted to 40mph or less. | D156: Item | E156: 272.25 | F156: =IF('Series 100 Design'!$F156 = 0,,'Series 100 Design'!$F156) -> 0 | I156: Item | J156: =IF('Series 100 Final'!$F156 = 0,,'Series 100 Final'!$F156) -> 0
A158: 1/056 | B158: Maintenance of ‘Priority Signs’ system as per drawing on P.59 of the Safety at Street Works and Road Works - A code of practice booklet, on an all purpose single carriageway road, restricted to 40mph or less. | D158: Day | E158: 12.1 | F158: =IF('Series 100 Design'!$F158 = 0,,'Series 100 Design'!$F158) -> 0 | I158: Day | J158: =IF('Series 100 Final'!$F158 = 0,,'Series 100 Final'!$F158) -> 0
A160: 1/057 | B160: Removal of ‘Priority Signs’ system as per drawing on P.59 of the Safety at Street Works and Road Works - A code of practice booklet, on an all purpose single carriageway road, restricted to 40mph or less. | D160: Item | E160: 272.25 | F160: =IF('Series 100 Design'!$F160 = 0,,'Series 100 Design'!$F160) -> 0 | I160: Item | J160: =IF('Series 100 Final'!$F160 = 0,,'Series 100 Final'!$F160) -> 0
B162: 30mph - 40mph
A164: 1/058 | B164: Erection of ‘Priority Signs’ system as per drawing on P.59 of the Safety at Street Works and Road Works - A code of practice booklet, on an all purpose single carriageway road, restricted to 40mph or less. | D164: Item | E164: 272.25 | F164: =IF('Series 100 Design'!$F164 = 0,,'Series 100 Design'!$F164) -> 0 | I164: Item | J164: =IF('Series 100 Final'!$F164 = 0,,'Series 100 Final'!$F164) -> 0
A166: 1/059 | B166: Maintenance of ‘Priority Signs’ system as per drawing on P.59 of the Safety at Street Works and Road Works - A code of practice booklet, on an all purpose single carriageway road, restricted to 40mph or less. | D166: Day | E166: 12.1 | F166: =IF('Series 100 Design'!$F166 = 0,,'Series 100 Design'!$F166) -> 0 | I166: Day | J166: =IF('Series 100 Final'!$F166 = 0,,'Series 100 Final'!$F166) -> 0
A168: 1/060 | B168: Removal of ‘Priority Signs’ system as per drawing on P.59 of the Safety at Street Works and Road Works - A code of practice booklet, on an all purpose single carriageway road, restricted to 40mph or less. | D168: Item | E168: 272.25 | F168: =IF('Series 100 Design'!$F168 = 0,,'Series 100 Design'!$F168) -> 0 | I168: Item | J168: =IF('Series 100 Final'!$F168 = 0,,'Series 100 Final'!$F168) -> 0
F170: =IF('Series 100 Design'!$F170 = 0,,'Series 100 Design'!$F170) -> 0 | J170: =IF('Series 100 Final'!$F170 = 0,,'Series 100 Final'!$F170) -> 0
B171: Traffic Control
B173: Stop / Go
B174: <30mph
A176: 1/061 | B176: Erection of ‘Stop/Go boards’ system as per drawing on p.65 of the Safety at Street Works and Road Works - A code of practice booklet, on an all purpose single carriageway road, restricted to 30mph or less. | D176: Item | E176: 121 | F176: =IF('Series 100 Design'!$F176 = 0,,'Series 100 Design'!$F176) -> 0 | I176: Item | J176: =IF('Series 100 Final'!$F176 = 0,,'Series 100 Final'!$F176) -> 0
A178: 1/062 | B178: Maintenance of ‘Stop/Go boards’ system as per drawing on p.65 of the Safety at Street Works and Road Works - A code of practice booklet, on an all purpose single carriageway road, restricted to 30mph or less. | D178: Day | E178: 629.2 | F178: =IF('Series 100 Design'!$F178 = 0,,'Series 100 Design'!$F178) -> 0 | I178: Day | J178: =IF('Series 100 Final'!$F178 = 0,,'Series 100 Final'!$F178) -> 0
A180: 1/063 | B180: Removal of ‘Stop/Go boards’ system as per drawing on p.65 of the Safety at Street Works and Road Works - A code of practice booklet, on an all purpose single carriageway road, restricted to 30mph or less. | D180: Item | E180: 121 | F180: =IF('Series 100 Design'!$F180 = 0,,'Series 100 Design'!$F180) -> 0 | I180: Item | J180: =IF('Series 100 Final'!$F180 = 0,,'Series 100 Final'!$F180) -> 0
B182: 30 < 40mph
A184: 1/064 | B184: Erection of ‘Stop/Go boards’ system as per drawing on p.65 of the Safety at Street Works and Road Works - A code of practice booklet, on an all purpose single carriageway road, restricted to 40mph or less. | D184: Item | E184: 121 | F184: =IF('Series 100 Design'!$F184 = 0,,'Series 100 Design'!$F184) -> 0 | I184: Item | J184: =IF('Series 100 Final'!$F184 = 0,,'Series 100 Final'!$F184) -> 0
A186: 1/065 | B186: Maintenance of ‘Stop/Go boards’ system as per drawing on p.65 of the Safety at Street Works and Road Works - A code of practice booklet, on an all purpose single carriageway road, restricted to 40mph or less. | D186: Day | E186: 629.2 | F186: =IF('Series 100 Design'!$F186 = 0,,'Series 100 Design'!$F186) -> 0 | I186: Day | J186: =IF('Series 100 Final'!$F186 = 0,,'Series 100 Final'!$F186) -> 0
A188: 1/066 | B188: Removal of ‘Stop/Go boards’ system as per drawing on p.65 of the Safety at Street Works and Road Works - A code of practice booklet, on an all purpose single carriageway road, restricted to 40mph or less. | D188: Item | E188: 121 | F188: =IF('Series 100 Design'!$F188 = 0,,'Series 100 Design'!$F188) -> 0 | I188: Item | J188: =IF('Series 100 Final'!$F188 = 0,,'Series 100 Final'!$F188) -> 0
B190: 40 < 60mph
A192: 1/067 | B192: Erection of ‘Stop/Go boards’ system as per drawing on p.65 of the Safety at Street Works and Road Works - A code of practice booklet, on an all purpose single carriageway road, restricted to 60mph or less. | D192: Item | E192: 121 | F192: =IF('Series 100 Design'!$F192 = 0,,'Series 100 Design'!$F192) -> 0 | I192: Item | J192: =IF('Series 100 Final'!$F192 = 0,,'Series 100 Final'!$F192) -> 0
A194: 1/068 | B194: Maintenance of ‘Stop/Go boards’ system as per drawing on p.65 of the Safety at Street Works and Road Works - A code of practice booklet, on an all purpose single carriageway road, restricted to 60mph or less. | D194: Day | E194: 629.2 | F194: =IF('Series 100 Design'!$F194 = 0,,'Series 100 Design'!$F194) -> 0 | I194: Day | J194: =IF('Series 100 Final'!$F194 = 0,,'Series 100 Final'!$F194) -> 0
A196: 1/069 | B196: Removal of ‘Stop/Go boards’ system as per drawing on p.65 of the Safety at Street Works and Road Works - A code of practice booklet, on an all purpose single carriageway road, restricted to 60mph or less. | D196: Item | E196: 121 | F196: =IF('Series 100 Design'!$F196 = 0,,'Series 100 Design'!$F196) -> 0 | I196: Item | J196: =IF('Series 100 Final'!$F196 = 0,,'Series 100 Final'!$F196) -> 0
...

Sheet Series 200 Design
A1: SERIES 200: SITE CLEARANCE
A2: Item | B2: Description | C2: Qty | D2: Unit | E2: Tayside Contracts | I2: John McGeady Ltd | M2: Lightways (Contractors) Ltd | Q2: Newlay Civil Engineering | U2: T & N Gilmartin (Contractors) Ltd | Y2: Tarmac Limited
E3: Band A | F3: Band B | G3: Band C | H3: Cost | I3: Band A | J3: Band B | K3: Band C | L3: Cost | M3: Band A | N3: Band B | O3: Band C | P3: Cost | Q3: Band A | R3: Band B | S3: Band C | T3: Cost | U3: Band A | V3: Band B | W3: Band C | X3: Cost | Y3: Band A | Z3: Band B | AA3: Band C | AB3: Cost
B5: Site Clearance | E5: < 5 | F5: 5 - 20 | G5: > 20 | I5: < 5 | J5: 5 - 20 | K5: > 20 | M5: < 5 | N5: 5 - 20 | O5: > 20 | Q5: < 5 | R5: 5 - 20 | S5: > 20 | U5: < 5 | V5: 5 - 20 | W5: > 20 | Y5: < 5 | Z5: 5 - 20 | AA5: > 20
A7: 2/001 | B7: General site clearance | C7: ='Series 200 Input'!C7 -> 0.3 | D7: Ha | E7: 3000 | F7: 3000 | G7: 3000 | H7: =IF((0=$C7),"",IFERROR(IF($C7<5,$C7*E7,IF(AND(5<=$C7,$C7<=20),$C7*F7,IF($C7>20,$C7*G7,"No Offer"))),"No Offer")) -> 900 | I7: No offer | J7: No offer | K7: No offer | L7: =IF((0=$C7),"",IFERROR(IF($C7<5,$C7*I7,IF(AND(5<=$C7,$C7<=20),$C7*J7,IF($C7>20,$C7*K7,"No Offer"))),"No Offer")) -> No Offer | M7: 1.33 | N7: 1.33 | O7: 1.33 | P7: =IF((0=$C7),"",IFERROR(IF($C7<5,$C7*M7,IF(AND(5<=$C7,$C7<=20),$C7*N7,IF($C7>20,$C7*O7,"No Offer"))),"No Offer")) -> 0.399 | Q7: No offer | R7: No offer | S7: No offer | T7: =IF((0=$C7),"",IFERROR(IF($C7<5,$C7*Q7,IF(AND(5<=$C7,$C7<=20),$C7*R7,IF($C7>20,$C7*S7,"No Offer"))),"No Offer")) -> No Offer | U7: 2400 | V7: 2100 | W7: 1800 | X7: =IF((0=$C7),"",IFERROR(IF($C7<5,$C7*U7,IF(AND(5<=$C7,$C7<=20),$C7*V7,IF($C7>20,$C7*W7,"No Offer"))),"No Offer")) -> 720 | Y7: 1500 | Z7: 1500 | AA7: 1500 | AB7: =IF((0=$C7),"",IFERROR(IF($C7<5,$C7*Y7,IF(AND(5<=$C7,$C7<=20),$C7*Z7,IF($C7>20,$C7*AA7,"No Offer"))),"No Offer")) -> 450
C8: ='Series 200 Input'!C8 -> 0
B9: Take Up or Down and Set Aside for Reuse or Remove to Store off Site | C9: ='Series 200 Input'!C9 -> 0
C10: ='Series 200 Input'!C10 -> 0
B11: Remove to Tip Off Site | C11: ='Series 200 Input'!C11 -> 0
C12: ='Series 200 Input'!C12 -> 0
B13: Slabs | C13: ='Series 200 Input'!C13 -> 0 | E13: < 10 | F13: 10 - 50 | G13: > 50 | I13: < 10 | J13: 10 - 50 | K13: > 50 | M13: < 10 | N13: 10 - 50 | O13: > 50 | Q13: < 10 | R13: 10 - 50 | S13: > 50 | U13: < 10 | V13: 10 - 50 | W13: > 50 | Y13: < 10 | Z13: 10 - 50 | AA13: > 50
C14: ='Series 200 Input'!C14 -> 0
A15: 2/010 | B15: Take up or down and remove to tip off site precast concrete slab paving 50mm thick | C15: ='Series 200 Input'!C15 -> 0 | D15: m2 | E15: 43.15 | F15: 7.13 | G15: 4.45 | H15: =IF((0=$C15),"",IFERROR(IF($C15<10,$C15*E15,IF(AND(10<=$C15,$C15<=50),$C15*F15,IF($C15>50,$C15*G15,"No Offer"))),"No Offer")) | I15: 3 | J15: 3 | K15: 3 | L15: =IF((0=$C15),"",IFERROR(IF($C15<10,$C15*I15,IF(AND(10<=$C15,$C15<=50),$C15*J15,IF($C15>50,$C15*K15,"No Offer"))),"No Offer")) | M15: 7.43 | N15: 7.43 | O15: 7.43 | P15: =IF((0=$C15),"",IFERROR(IF($C15<10,$C15*M15,IF(AND(10<=$C15,$C15<=50),$C15*N15,IF($C15>50,$C15*O15,"No Offer"))),"No Offer")) | Q15: 4 | R15: 4 | S15: 4 | T15: =IF((0=$C15),"",IFERROR(IF($C15<10,$C15*Q15,IF(AND(10<=$C15,$C15<=50),$C15*R15,IF($C15>50,$C15*S15,"No Offer"))),"No Offer")) | U15: 7.8 | V15: 6.37 | W15: 6 | X15: =IF((0=$C15),"",IFERROR(IF($C15<10,$C15*U15,IF(AND(10<=$C15,$C15<=50),$C15*V15,IF($C15>50,$C15*W15,"No Offer"))),"No Offer")) | Y15: No Offer | Z15: No Offer | AA15: No Offer | AB15: =IF((0=$C15),"",IFERROR(IF($C15<10,$C15*Y15,IF(AND(10<=$C15,$C15<=50),$C15*Z15,IF($C15>50,$C15*AA15,"No Offer"))),"No Offer"))
C16: ='Series 200 Input'!C16 -> 0
A17: 2/011 | B17: Take up or down and remove to tip off site precast concrete slab paving 65mm thick | C17: ='Series 200 Input'!C17 -> 0 | D17: m2 | E17: 43.15 | F17: 7.13 | G17: 5.34 | H17: =IF((0=$C17),"",IFERROR(IF($C17<10,$C17*E17,IF(AND(10<=$C17,$C17<=50),$C17*F17,IF($C17>50,$C17*G17,"No Offer"))),"No Offer")) | I17: 3 | J17: 3 | K17: 3 | L17: =IF((0=$C17),"",IFERROR(IF($C17<10,$C17*I17,IF(AND(10<=$C17,$C17<=50),$C17*J17,IF($C17>50,$C17*K17,"No Offer"))),"No Offer")) | M17: 9.32 | N17: 9.32 | O17: 9.32 | P17: =IF((0=$C17),"",IFERROR(IF($C17<10,$C17*M17,IF(AND(10<=$C17,$C17<=50),$C17*N17,IF($C17>50,$C17*O17,"No Offer"))),"No Offer")) | Q17: 4 | R17: 4 | S17: 4 | T17: =IF((0=$C17),"",IFERROR(IF($C17<10,$C17*Q17,IF(AND(10<=$C17,$C17<=50),$C17*R17,IF($C17>50,$C17*S17,"No Offer"))),"No Offer")) | U17: 9 | V17: 7.8 | W17: 7.2 | X17: =IF((0=$C17),"",IFERROR(IF($C17<10,$C17*U17,IF(AND(10<=$C17,$C17<=50),$C17*V17,IF($C17>50,$C17*W17,"No Offer"))),"No Offer")) | Y17: No Offer | Z17: No Offer | AA17: No Offer | AB17: =IF((0=$C17),"",IFERROR(IF($C17<10,$C17*Y17,IF(AND(10<=$C17,$C17<=50),$C17*Z17,IF($C17>50,$C17*AA17,"No Offer"))),"No Offer"))
C18: ='Series 200 Input'!C18 -> 0
A19: 2/012 | B19: Take up or down and remove to tip off site precast concrete tactile paving slab paving 50mm thick | C19: ='Series 200 Input'!C19 -> 0 | D19: m2 | E19: 43.15 | F19: 10.68 | G19: 10.68 | H19: =IF((0=$C19),"",IFERROR(IF($C19<10,$C19*E19,IF(AND(10<=$C19,$C19<=50),$C19*F19,IF($C19>50,$C19*G19,"No Offer"))),"No Offer")) | I19: 3 | J19: 3 | K19: 3 | L19: =IF((0=$C19),"",IFERROR(IF($C19<10,$C19*I19,IF(AND(10<=$C19,$C19<=50),$C19*J19,IF($C19>50,$C19*K19,"No Offer"))),"No Offer")) | M19: 7.43 | N19: 7.43 | O19: 7.43 | P19: =IF((0=$C19),"",IFERROR(IF($C19<10,$C19*M19,IF(AND(10<=$C19,$C19<=50),$C19*N19,IF($C19>50,$C19*O19,"No Offer"))),"No Offer")) | Q19: 4 | R19: 4 | S19: 4 | T19: =IF((0=$C19),"",IFERROR(IF($C19<10,$C19*Q19,IF(AND(10<=$C19,$C19<=50),$C19*R19,IF($C19>50,$C19*S19,"No Offer"))),"No Offer")) | U19: 7.8 | V19: 6.37 | W19: 6 | X19: =IF((0=$C19),"",IFERROR(IF($C19<10,$C19*U19,IF(AND(10<=$C19,$C19<=50),$C19*V19,IF($C19>50,$C19*W19,"No Offer"))),"No Offer")) | Y19: No Offer | Z19: No Offer | AA19: No Offer | AB19: =IF((0=$C19),"",IFERROR(IF($C19<10,$C19*Y19,IF(AND(10<=$C19,$C19<=50),$C19*Z19,IF($C19>50,$C19*AA19,"No Offer"))),"No Offer"))
C20: ='Series 200 Input'!C20 -> 0
A21: 2/013 | B21: Take up or down and remove to tip off site precast concrete tactile paving slab paving 65mm thick | C21: ='Series 200 Input'!C21 -> 0 | D21: m2 | E21: 43.15 | F21: 11.87 | G21: 11.87 | H21: =IF((0=$C21),"",IFERROR(IF($C21<10,$C21*E21,IF(AND(10<=$C21,$C21<=50),$C21*F21,IF($C21>50,$C21*G21,"No Offer"))),"No Offer")) | I21: 3 | J21: 3 | K21: 3 | L21: =IF((0=$C21),"",IFERROR(IF($C21<10,$C21*I21,IF(AND(10<=$C21,$C21<=50),$C21*J21,IF($C21>50,$C21*K21,"No Offer"))),"No Offer")) | M21: 9.32 | N21: 9.32 | O21: 9.32 | P21: =IF((0=$C21),"",IFERROR(IF($C21<10,$C21*M21,IF(AND(10<=$C21,$C21<=50),$C21*N21,IF($C21>50,$C21*O21,"No Offer"))),"No Offer")) | Q21: 4 | R21: 4 | S21: 4 | T21: =IF((0=$C21),"",IFERROR(IF($C21<10,$C21*Q21,IF(AND(10<=$C21,$C21<=50),$C21*R21,IF($C21>50,$C21*S21,"No Offer"))),"No Offer")) | U21: 9 | V21: 7.8 | W21: 7.2 | X21: =IF((0=$C21),"",IFERROR(IF($C21<10,$C21*U21,IF(AND(10<=$C21,$C21<=50),$C21*V21,IF($C21>50,$C21*W21,"No Offer"))),"No Offer")) | Y21: No Offer | Z21: No Offer | AA21: No Offer | AB21: =IF((0=$C21),"",IFERROR(IF($C21<10,$C21*Y21,IF(AND(10<=$C21,$C21<=50),$C21*Z21,IF($C21>50,$C21*AA21,"No Offer"))),"No Offer"))
C22: ='Series 200 Input'!C22 -> 0
A23: 2/014 | B23: Take up or down and remove to tip off site precast concrete hazard paving slab paving 50mm thick | C23: ='Series 200 Input'!C23 -> 0 | D23: m2 | E23: 43.15 | F23: 10.68 | G23: 10.68 | H23: =IF((0=$C23),"",IFERROR(IF($C23<10,$C23*E23,IF(AND(10<=$C23,$C23<=50),$C23*F23,IF($C23>50,$C23*G23,"No Offer"))),"No Offer")) | I23: 3 | J23: 3 | K23: 3 | L23: =IF((0=$C23),"",IFERROR(IF($C23<10,$C23*I23,IF(AND(10<=$C23,$C23<=50),$C23*J23,IF($C23>50,$C23*K23,"No Offer"))),"No Offer")) | M23: 7.43 | N23: 7.43 | O23: 7.43 | P23: =IF((0=$C23),"",IFERROR(IF($C23<10,$C23*M23,IF(AND(10<=$C23,$C23<=50),$C23*N23,IF($C23>50,$C23*O23,"No Offer"))),"No Offer")) | Q23: 4 | R23: 4 | S23: 4 | T23: =IF((0=$C23),"",IFERROR(IF($C23<10,$C23*Q23,IF(AND(10<=$C23,$C23<=50),$C23*R23,IF($C23>50,$C23*S23,"No Offer"))),"No Offer")) | U23: 7.8 | V23: 6.37 | W23: 6 | X23: =IF((0=$C23),"",IFERROR(IF($C23<10,$C23*U23,IF(AND(10<=$C23,$C23<=50),$C23*V23,IF($C23>50,$C23*W23,"No Offer"))),"No Offer")) | Y23: No Offer | Z23: No Offer | AA23: No Offer | AB23: =IF((0=$C23),"",IFERROR(IF($C23<10,$C23*Y23,IF(AND(10<=$C23,$C23<=50),$C23*Z23,IF($C23>50,$C23*AA23,"No Offer"))),"No Offer"))
C24: ='Series 200 Input'!C24 -> 0
A25: 2/015 | B25: Take up or down and remove to tip off site precast concrete hazard paving slab paving 65mm thick | C25: ='Series 200 Input'!C25 -> 0 | D25: m2 | E25: 43.15 | F25: 11.87 | G25: 11.87 | H25: =IF((0=$C25),"",IFERROR(IF($C25<10,$C25*E25,IF(AND(10<=$C25,$C25<=50),$C25*F25,IF($C25>50,$C25*G25,"No Offer"))),"No Offer")) | I25: 3 | J25: 3 | K25: 3 | L25: =IF((0=$C25),"",IFERROR(IF($C25<10,$C25*I25,IF(AND(10<=$C25,$C25<=50),$C25*J25,IF($C25>50,$C25*K25,"No Offer"))),"No Offer")) | M25: 9.32 | N25: 9.32 | O25: 9.32 | P25: =IF((0=$C25),"",IFERROR(IF($C25<10,$C25*M25,IF(AND(10<=$C25,$C25<=50),$C25*N25,IF($C25>50,$C25*O25,"No Offer"))),"No Offer")) | Q25: 4 | R25: 4 | S25: 4 | T25: =IF((0=$C25),"",IFERROR(IF($C25<10,$C25*Q25,IF(AND(10<=$C25,$C25<=50),$C25*R25,IF($C25>50,$C25*S25,"No Offer"))),"No Offer")) | U25: 9 | V25: 7.8 | W25: 7.2 | X25: =IF((0=$C25),"",IFERROR(IF($C25<10,$C25*U25,IF(AND(10<=$C25,$C25<=50),$C25*V25,IF($C25>50,$C25*W25,"No Offer"))),"No Offer")) | Y25: No Offer | Z25: No Offer | AA25: No Offer | AB25: =IF((0=$C25),"",IFERROR(IF($C25<10,$C25*Y25,IF(AND(10<=$C25,$C25<=50),$C25*Z25,IF($C25>50,$C25*AA25,"No Offer"))),"No Offer"))
C26: ='Series 200 Input'!C26 -> 0
A27: 2/016 | B27: Take up or down and remove to tip off site natural stone slab paving 50mm thick | C27: ='Series 200 Input'!C27 -> 0 | D27: m2 | E27: 43.15 | F27: 10.68 | G27: 10.68 | H27: =IF((0=$C27),"",IFERROR(IF($C27<10,$C27*E27,IF(AND(10<=$C27,$C27<=50),$C27*F27,IF($C27>50,$C27*G27,"No Offer"))),"No Offer")) | I27: 3 | J27: 3 | K27: 3 | L27: =IF((0=$C27),"",IFERROR(IF($C27<10,$C27*I27,IF(AND(10<=$C27,$C27<=50),$C27*J27,IF($C27>50,$C27*K27,"No Offer"))),"No Offer")) | M27: 10.49 | N27: 10.49 | O27: 10.49 | P27: =IF((0=$C27),"",IFERROR(IF($C27<10,$C27*M27,IF(AND(10<=$C27,$C27<=50),$C27*N27,IF($C27>50,$C27*O27,"No Offer"))),"No Offer")) | Q27: 4 | R27: 4 | S27: 4 | T27: =IF((0=$C27),"",IFERROR(IF($C27<10,$C27*Q27,IF(AND(10<=$C27,$C27<=50),$C27*R27,IF($C27>50,$C27*S27,"No Offer"))),"No Offer")) | U27: 9 | V27: 7.8 | W27: 7.2 | X27: =IF((0=$C27),"",IFERROR(IF($C27<10,$C27*U27,IF(AND(10<=$C27,$C27<=50),$C27*V27,IF($C27>50,$C27*W27,"No Offer"))),"No Offer")) | Y27: No Offer | Z27: No Offer | AA27: No Offer | AB27: =IF((0=$C27),"",IFERROR(IF($C27<10,$C27*Y27,IF(AND(10<=$C27,$C27<=50),$C27*Z27,IF($C27>50,$C27*AA27,"No Offer"))),"No Offer"))
C28: ='Series 200 Input'!C28 -> 0
A29: 2/017 | B29: Take up or down and remove to tip off site natural stone slab paving 60mm thick | C29: ='Series 200 Input'!C29 -> 0 | D29: m2 | E29: 43.15 | F29: 11.87 | G29: 11.87 | H29: =IF((0=$C29),"",IFERROR(IF($C29<10,$C29*E29,IF(AND(10<=$C29,$C29<=50),$C29*F29,IF($C29>50,$C29*G29,"No Offer"))),"No Offer")) | I29: 3 | J29: 3 | K29: 3 | L29: =IF((0=$C29),"",IFERROR(IF($C29<10,$C29*I29,IF(AND(10<=$C29,$C29<=50),$C29*J29,IF($C29>50,$C29*K29,"No Offer"))),"No Offer")) | M29: 10.76 | N29: 10.76 | O29: 10.76 | P29: =IF((0=$C29),"",IFERROR(IF($C29<10,$C29*M29,IF(AND(10<=$C29,$C29<=50),$C29*N29,IF($C29>50,$C29*O29,"No Offer"))),"No Offer")) | Q29: 4 | R29: 4 | S29: 4 | T29: =IF((0=$C29),"",IFERROR(IF($C29<10,$C29*Q29,IF(AND(10<=$C29,$C29<=50),$C29*R29,IF($C29>50,$C29*S29,"No Offer"))),"No Offer")) | U29: 9.5 | V29: 7.85 | W29: 7.4 | X29: =IF((0=$C29),"",IFERROR(IF($C29<10,$C29*U29,IF(AND(10<=$C29,$C29<=50),$C29*V29,IF($C29>50,$C29*W29,"No Offer"))),"No Offer")) | Y29: No Offer | Z29: No Offer | AA29: No Offer | AB29: =IF((0=$C29),"",IFERROR(IF($C29<10,$C29*Y29,IF(AND(10<=$C29,$C29<=50),$C29*Z29,IF($C29>50,$C29*AA29,"No Offer"))),"No Offer"))
C30: ='Series 200 Input'!C30 -> 0
A31: 2/018 | B31: Take up or down and remove to tip off site natural stone slab paving 70mm thick | C31: ='Series 200 Input'!C31 -> 0 | D31: m2 | E31: 57.46 | F31: 28.56 | G31: 28.56 | H31: =IF((0=$C31),"",IFERROR(IF($C31<10,$C31*E31,IF(AND(10<=$C31,$C31<=50),$C31*F31,IF($C31>50,$C31*G31,"No Offer"))),"No Offer")) | I31: 3 | J31: 3 | K31: 3 | L31: =IF((0=$C31),"",IFERROR(IF($C31<10,$C31*I31,IF(AND(10<=$C31,$C31<=50),$C31*J31,IF($C31>50,$C31*K31,"No Offer"))),"No Offer")) | M31: 11.02 | N31: 11.02 | O31: 11.02 | P31: =IF((0=$C31),"",IFERROR(IF($C31<10,$C31*M31,IF(AND(10<=$C31,$C31<=50),$C31*N31,IF($C31>50,$C31*O31,"No Offer"))),"No Offer")) | Q31: 4 | R31: 4 | S31: 4 | T31: =IF((0=$C31),"",IFERROR(IF($C31<10,$C31*Q31,IF(AND(10<=$C31,$C31<=50),$C31*R31,IF($C31>50,$C31*S31,"No Offer"))),"No Offer")) | U31: 10 | V31: 7.91 | W31: 7.68 | X31: =IF((0=$C31),"",IFERROR(IF($C31<10,$C31*U31,IF(AND(10<=$C31,$C31<=50),$C31*V31,IF($C31>50,$C31*W31,"No Offer"))),"No Offer")) | Y31: No Offer | Z31: No Offer | AA31: No Offer | AB31: =IF((0=$C31),"",IFERROR(IF($C31<10,$C31*Y31,IF(AND(10<=$C31,$C31<=50),$C31*Z31,IF($C31>50,$C31*AA31,"No Offer"))),"No Offer"))
C32: ='Series 200 Input'!C32 -> 0
B33: Block Paving / Setts | C33: ='Series 200 Input'!C33 -> 0 | E33: < 10 | F33: 10 - 50 | G33: > 50 | I33: < 10 | J33: 10 - 50 | K33: > 50 | M33: < 10 | N33: 10 - 50 | O33: > 50 | Q33: < 10 | R33: 10 - 50 | S33: > 50 | U33: < 10 | V33: 10 - 50 | W33: > 50 | Y33: < 10 | Z33: 10 - 50 | AA33: > 50
C34: ='Series 200 Input'!C34 -> 0
A35: 2/020 | B35: Take up or down and remove to tip off site block paving 50mm thick | C35: ='Series 200 Input'!C35 -> 0 | D35: m2 | E35: 43.15 | F35: 7.13 | G35: 4.45 | H35: =IF((0=$C35),"",IFERROR(IF($C35<10,$C35*E35,IF(AND(10<=$C35,$C35<=50),$C35*F35,IF($C35>50,$C35*G35,"No Offer"))),"No Offer")) | I35: 3 | J35: 3 | K35: 3 | L35: =IF((0=$C35),"",IFERROR(IF($C35<10,$C35*I35,IF(AND(10<=$C35,$C35<=50),$C35*J35,IF($C35>50,$C35*K35,"No Offer"))),"No Offer")) | M35: 7.45 | N35: 7.45 | O35: 7.45 | P35: =IF((0=$C35),"",IFERROR(IF($C35<10,$C35*M35,IF(AND(10<=$C35,$C35<=50),$C35*N35,IF($C35>50,$C35*O35,"No Offer"))),"No Offer")) | Q35: 6 | R35: 6 | S35: 6 | T35: =IF((0=$C35),"",IFERROR(IF($C35<10,$C35*Q35,IF(AND(10<=$C35,$C35<=50),$C35*R35,IF($C35>50,$C35*S35,"No Offer"))),"No Offer")) | U35: 9.5 | V35: 7.38 | W35: 7.2 | X35: =IF((0=$C35),"",IFERROR(IF($C35<10,$C35*U35,IF(AND(10<=$C35,$C35<=50),$C35*V35,IF($C35>50,$C35*W35,"No Offer"))),"No Offer")) | Y35: No Offer | Z35: No Offer | AA35: No Offer | AB35: =IF((0=$C35),"",IFERROR(IF($C35<10,$C35*Y35,IF(AND(10<=$C35,$C35<=50),$C35*Z35,IF($C35>50,$C35*AA35,"No Offer"))),"No Offer"))
C36: ='Series 200 Input'!C36 -> 0
A37: 2/021 | B37: Take up or down and remove to tip off site block paving 60mm thick | C37: ='Series 200 Input'!C37 -> 0 | D37: m2 | E37: 43.15 | F37: 7.13 | G37: 4.45 | H37: =IF((0=$C37),"",IFERROR(IF($C37<10,$C37*E37,IF(AND(10<=$C37,$C37<=50),$C37*F37,IF($C37>50,$C37*G37,"No Offer"))),"No Offer")) | I37: 3 | J37: 3 | K37: 3 | L37: =IF((0=$C37),"",IFERROR(IF($C37<10,$C37*I37,IF(AND(10<=$C37,$C37<=50),$C37*J37,IF($C37>50,$C37*K37,"No Offer"))),"No Offer")) | M37: 7.71 | N37: 7.71 | O37: 7.71 | P37: =IF((0=$C37),"",IFERROR(IF($C37<10,$C37*M37,IF(AND(10<=$C37,$C37<=50),$C37*N37,IF($C37>50,$C37*O37,"No Offer"))),"No Offer")) | Q37: 6 | R37: 6 | S37: 6 | T37: =IF((0=$C37),"",IFERROR(IF($C37<10,$C37*Q37,IF(AND(10<=$C37,$C37<=50),$C37*R37,IF($C37>50,$C37*S37,"No Offer"))),"No Offer")) | U37: 9.6 | V37: 7.68 | W37: 7.5 | X37: =IF((0=$C37),"",IFERROR(IF($C37<10,$C37*U37,IF(AND(10<=$C37,$C37<=50),$C37*V37,IF($C37>50,$C37*W37,"No Offer"))),"No Offer")) | Y37: No Offer | Z37: No Offer | AA37: No Offer | AB37: =IF((0=$C37),"",IFERROR(IF($C37<10,$C37*Y37,IF(AND(10<=$C37,$C37<=50),$C37*Z37,IF($C37>50,$C37*AA37,"No Offer"))),"No Offer"))
C38: ='Series 200 Input'!C38 -> 0
A39: 2/022 | B39: Take up or down and remove to tip off site block paving 65mm thick | C39: ='Series 200 Input'!C39 -> 0 | D39: m2 | E39: 43.15 | F39: 7.13 | G39: 4.45 | H39: =IF((0=$C39),"",IFERROR(IF($C39<10,$C39*E39,IF(AND(10<=$C39,$C39<=50),$C39*F39,IF($C39>50,$C39*G39,"No Offer"))),"No Offer")) | I39: 3 | J39: 3 | K39: 3 | L39: =IF((0=$C39),"",IFERROR(IF($C39<10,$C39*I39,IF(AND(10<=$C39,$C39<=50),$C39*J39,IF($C39>50,$C39*K39,"No Offer"))),"No Offer")) | M39: 7.85 | N39: 7.85 | O39: 7.85 | P39: =IF((0=$C39),"",IFERROR(IF($C39<10,$C39*M39,IF(AND(10<=$C39,$C39<=50),$C39*N39,IF($C39>50,$C39*O39,"No Offer"))),"No Offer")) | Q39: 6 | R39: 6 | S39: 6 | T39: =IF((0=$C39),"",IFERROR(IF($C39<10,$C39*Q39,IF(AND(10<=$C39,$C39<=50),$C39*R39,IF($C39>50,$C39*S39,"No Offer"))),"No Offer")) | U39: 9.75 | V39: 7.83 | W39: 7.65 | X39: =IF((0=$C39),"",IFERROR(IF($C39<10,$C39*U39,IF(AND(10<=$C39,$C39<=50),$C39*V39,IF($C39>50,$C39*W39,"No Offer"))),"No Offer")) | Y39: No Offer | Z39: No Offer | AA39: No Offer | AB39: =IF((0=$C39),"",IFERROR(IF($C39<10,$C39*Y39,IF(AND(10<=$C39,$C39<=50),$C39*Z39,IF($C39>50,$C39*AA39,"No Offer"))),"No Offer"))
C40: ='Series 200 Input'!C40 -> 0
A41: 2/023 | B41: Take up or down and remove to tip off site block paving 80mm thick | C41: ='Series 200 Input'!C41 -> 0 | D41: m2 | E41: 43.15 | F41: 7.13 | G41: 5.34 | H41: =IF((0=$C41),"",IFERROR(IF($C41<10,$C41*E41,IF(AND(10<=$C41,$C41<=50),$C41*F41,IF($C41>50,$C41*G41,"No Offer"))),"No Offer")) | I41: 3 | J41: 3 | K41: 3 | L41: =IF((0=$C41),"",IFERROR(IF($C41<10,$C41*I41,IF(AND(10<=$C41,$C41<=50),$C41*J41,IF($C41>50,$C41*K41,"No Offer"))),"No Offer")) | M41: 8.25 | N41: 8.25 | O41: 8.25 | P41: =IF((0=$C41),"",IFERROR(IF($C41<10,$C41*M41,IF(AND(10<=$C41,$C41<=50),$C41*N41,IF($C41>50,$C41*O41,"No Offer"))),"No Offer")) | Q41: 6 | R41: 6 | S41: 6 | T41: =IF((0=$C41),"",IFERROR(IF($C41<10,$C41*Q41,IF(AND(10<=$C41,$C41<=50),$C41*R41,IF($C41>50,$C41*S41,"No Offer"))),"No Offer")) | U41: 10.2 | V41: 8.28 | W41: 8.1 | X41: =IF((0=$C41),"",IFERROR(IF($C41<10,$C41*U41,IF(AND(10<=$C41,$C41<=50),$C41*V41,IF($C41>50,$C41*W41,"No Offer"))),"No Offer")) | Y41: No Offer | Z41: No Offer | AA41: No Offer | AB41: =IF((0=$C41),"",IFERROR(IF($C41<10,$C41*Y41,IF(AND(10<=$C41,$C41<=50),$C41*Z41,IF($C41>50,$C41*AA41,"No Offer"))),"No Offer"))
C42: ='Series 200 Input'!C42 -> 0
A43: 2/024 | B43: Take up or down and remove to tip off site block paving 100mm thick | C43: ='Series 200 Input'!C43 -> 0 | D43: m2 | E43: 43.15 | F43: 7.13 | G43: 5.34 | H43: =IF((0=$C43),"",IFERROR(IF($C43<10,$C43*E43,IF(AND(10<=$C43,$C43<=50),$C43*F43,IF($C43>50,$C43*G43,"No Offer"))),"No Offer")) | I43: 3 | J43: 3 | K43: 3 | L43: =IF((0=$C43),"",IFERROR(IF($C43<10,$C43*I43,IF(AND(10<=$C43,$C43<=50),$C43*J43,IF($C43>50,$C43*K43,"No Offer"))),"No Offer")) | M43: 8.78 | N43: 8.78 | O43: 8.78 | P43: =IF((0=$C43),"",IFERROR(IF($C43<10,$C43*M43,IF(AND(10<=$C43,$C43<=50),$C43*N43,IF($C43>50,$C43*O43,"No Offer"))),"No Offer")) | Q43: 6 | R43: 6 | S43: 6 | T43: =IF((0=$C43),"",IFERROR(IF($C43<10,$C43*Q43,IF(AND(10<=$C43,$C43<=50),$C43*R43,IF($C43>50,$C43*S43,"No Offer"))),"No Offer")) | U43: 10.8 | V43: 8.88 | W43: 8.7 | X43: =IF((0=$C43),"",IFERROR(IF($C43<10,$C43*U43,IF(AND(10<=$C43,$C43<=50),$C43*V43,IF($C43>50,$C43*W43,"No Offer"))),"No Offer")) | Y43: No Offer | Z43: No Offer | AA43: No Offer | AB43: =IF((0=$C43),"",IFERROR(IF($C43<10,$C43*Y43,IF(AND(10<=$C43,$C43<=50),$C43*Z43,IF($C43>50,$C43*AA43,"No Offer"))),"No Offer"))
C44: ='Series 200 Input'!C44 -> 0
A45: 2/025 | B45: Take up or down and remove to tip off site natural stone block paving setts 50mm thick | C45: ='Series 200 Input'!C45 -> 0 | D45: m2 | E45: 43.15 | F45: 7.13 | G45: 5.34 | H45: =IF((0=$C45),"",IFERROR(IF($C45<10,$C45*E45,IF(AND(10<=$C45,$C45<=50),$C45*F45,IF($C45>50,$C45*G45,"No Offer"))),"No Offer")) | I45: 3 | J45: 3 | K45: 3 | L45: =IF((0=$C45),"",IFERROR(IF($C45<10,$C45*I45,IF(AND(10<=$C45,$C45<=50),$C45*J45,IF($C45>50,$C45*K45,"No Offer"))),"No Offer")) | M45: 7.45 | N45: 7.45 | O45: 7.45 | P45: =IF((0=$C45),"",IFERROR(IF($C45<10,$C45*M45,IF(AND(10<=$C45,$C45<=50),$C45*N45,IF($C45>50,$C45*O45,"No Offer"))),"No Offer")) | Q45: 8 | R45: 8 | S45: 8 | T45: =IF((0=$C45),"",IFERROR(IF($C45<10,$C45*Q45,IF(AND(10<=$C45,$C45<=50),$C45*R45,IF($C45>50,$C45*S45,"No Offer"))),"No Offer")) | U45: 10 | V45: 8.5 | W45: 7.75 | X45: =IF((0=$C45),"",IFERROR(IF($C45<10,$C45*U45,IF(AND(10<=$C45,$C45<=50),$C45*V45,IF($C45>50,$C45*W45,"No Offer"))),"No Offer")) | Y45: No Offer | Z45: No Offer | AA45: No Offer | AB45: =IF((0=$C45),"",IFERROR(IF($C45<10,$C45*Y45,IF(AND(10<=$C45,$C45<=50),$C45*Z45,IF($C45>50,$C45*AA45,"No Offer"))),"No Offer"))
C46: ='Series 200 Input'!C46 -> 0
A47: 2/026 | B47: Take up or down and remove to tip off site natural stone block paving setts 60mm thick | C47: ='Series 200 Input'!C47 -> 0 | D47: m2 | E47: 43.15 | F47: 7.13 | G47: 4.45 | H47: =IF((0=$C47),"",IFERROR(IF($C47<10,$C47*E47,IF(AND(10<=$C47,$C47<=50),$C47*F47,IF($C47>50,$C47*G47,"No Offer"))),"No Offer")) | I47: 3 | J47: 3 | K47: 3 | L47: =IF((0=$C47),"",IFERROR(IF($C47<10,$C47*I47,IF(AND(10<=$C47,$C47<=50),$C47*J47,IF($C47>50,$C47*K47,"No Offer"))),"No Offer")) | M47: 7.71 | N47: 7.71 | O47: 7.71 | P47: =IF((0=$C47),"",IFERROR(IF($C47<10,$C47*M47,IF(AND(10<=$C47,$C47<=50),$C47*N47,IF($C47>50,$C47*O47,"No Offer"))),"No Offer")) | Q47: 8 | R47: 8 | S47: 8 | T47: =IF((0=$C47),"",IFERROR(IF($C47<10,$C47*Q47,IF(AND(10<=$C47,$C47<=50),$C47*R47,IF($C47>50,$C47*S47,"No Offer"))),"No Offer")) | U47: 12.5 | V47: 11 | W47: 10.5 | X47: =IF((0=$C47),"",IFERROR(IF($C47<10,$C47*U47,IF(AND(10<=$C47,$C47<=50),$C47*V47,IF($C47>50,$C47*W47,"No Offer"))),"No Offer")) | Y47: No Offer | Z47: No Offer | AA47: No Offer | AB47: =IF((0=$C47),"",IFERROR(IF($C47<10,$C47*Y47,IF(AND(10<=$C47,$C47<=50),$C47*Z47,IF($C47>50,$C47*AA47,"No Offer"))),"No Offer"))
C48: ='Series 200 Input'!C48 -> 0
A49: 2/027 | B49: Take up or down and remove to tip off site natural stone block paving setts 80mm thick | C49: ='Series 200 Input'!C49 -> 0 | D49: m2 | E49: 43.15 | F49: 7.13 | G49: 5.34 | H49: =IF((0=$C49),"",IFERROR(IF($C49<10,$C49*E49,IF(AND(10<=$C49,$C49<=50),$C49*F49,IF($C49>50,$C49*G49,"No Offer"))),"No Offer")) | I49: 3 | J49: 3 | K49: 3 | L49: =IF((0=$C49),"",IFERROR(IF($C49<10,$C49*I49,IF(AND(10<=$C49,$C49<=50),$C49*J49,IF($C49>50,$C49*K49,"No Offer"))),"No Offer")) | M49: 8.25 | N49: 8.25 | O49: 8.25 | P49: =IF((0=$C49),"",IFERROR(IF($C49<10,$C49*M49,IF(AND(10<=$C49,$C49<=50),$C49*N49,IF($C49>50,$C49*O49,"No Offer"))),"No Offer")) | Q49: 8 | R49: 8 | S49: 8 | T49: =IF((0=$C49),"",IFERROR(IF($C49<10,$C49*Q49,IF(AND(10<=$C49,$C49<=50),$C49*R49,IF($C49>50,$C49*S49,"No Offer"))),"No Offer")) | U49: 20 | V49: 18.5 | W49: 17.5 | X49: =IF((0=$C49),"",IFERROR(IF($C49<10,$C49*U49,IF(AND(10<=$C49,$C49<=50),$C49*V49,IF($C49>50,$C49*W49,"No Offer"))),"No Offer")) | Y49: No Offer | Z49: No Offer | AA49: No Offer | AB49: =IF((0=$C49),"",IFERROR(IF($C49<10,$C49*Y49,IF(AND(10<=$C49,$C49<=50),$C49*Z49,IF($C49>50,$C49*AA49,"No Offer"))),"No Offer"))
C50: ='Series 200 Input'!C50 -> 0
A51: 2/028 | B51: Take up or down and remove to tip off site natural stone block paving setts 100mm thick | C51: ='Series 200 Input'!C51 -> 0 | D51: m2 | E51: 43.15 | F51: 7.13 | G51: 4.45 | H51: =IF((0=$C51),"",IFERROR(IF($C51<10,$C51*E51,IF(AND(10<=$C51,$C51<=50),$C51*F51,IF($C51>50,$C51*G51,"No Offer"))),"No Offer")) | I51: 3 | J51: 3 | K51: 3 | L51: =IF((0=$C51),"",IFERROR(IF($C51<10,$C51*I51,IF(AND(10<=$C51,$C51<=50),$C51*J51,IF($C51>50,$C51*K51,"No Offer"))),"No Offer")) | M51: 8.78 | N51: 8.78 | O51: 8.78 | P51: =IF((0=$C51),"",IFERROR(IF($C51<10,$C51*M51,IF(AND(10<=$C51,$C51<=50),$C51*N51,IF($C51>50,$C51*O51,"No Offer"))),"No Offer")) | Q51: 8 | R51: 8 | S51: 8 | T51: =IF((0=$C51),"",IFERROR(IF($C51<10,$C51*Q51,IF(AND(10<=$C51,$C51<=50),$C51*R51,IF($C51>50,$C51*S51,"No Offer"))),"No Offer")) | U51: 25 | V51: 20.5 | W51: 19.5 | X51: =IF((0=$C51),"",IFERROR(IF($C51<10,$C51*U51,IF(AND(10<=$C51,$C51<=50),$C51*V51,IF($C51>50,$C51*W51,"No Offer"))),"No Offer")) | Y51: No Offer | Z51: No Offer | AA51: No Offer | AB51: =IF((0=$C51),"",IFERROR(IF($C51<10,$C51*Y51,IF(AND(10<=$C51,$C51<=50),$C51*Z51,IF($C51>50,$C51*AA51,"No Offer"))),"No Offer"))
C52: ='Series 200 Input'!C52 -> 0
A53: 2/029 | B53: Take up or down and remove to tip off site natural stone block paving setts 150mm thick | C53: ='Series 200 Input'!C53 -> 0 | D53: m2 | E53: 43.15 | F53: 7.13 | G53: 7.13 | H53: =IF((0=$C53),"",IFERROR(IF($C53<10,$C53*E53,IF(AND(10<=$C53,$C53<=50),$C53*F53,IF($C53>50,$C53*G53,"No Offer"))),"No Offer")) | I53: 3 | J53: 3 | K53: 3 | L53: =IF((0=$C53),"",IFERROR(IF($C53<10,$C53*I53,IF(AND(10<=$C53,$C53<=50),$C53*J53,IF($C53>50,$C53*K53,"No Offer"))),"No Offer")) | M53: 10.11 | N53: 10.11 | O53: 10.11 | P53: =IF((0=$C53),"",IFERROR(IF($C53<10,$C53*M53,IF(AND(10<=$C53,$C53<=50),$C53*N53,IF($C53>50,$C53*O53,"No Offer"))),"No Offer")) | Q53: 8 | R53: 8 | S53: 8 | T53: =IF((0=$C53),"",IFERROR(IF($C53<10,$C53*Q53,IF(AND(10<=$C53,$C53<=50),$C53*R53,IF($C53>50,$C53*S53,"No Offer"))),"No Offer")) | U53: 30 | V53: 24 | W53: 23.4 | X53: =IF((0=$C53),"",IFERROR(IF($C53<10,$C53*U53,IF(AND(10<=$C53,$C53<=50),$C53*V53,IF($C53>50,$C53*W53,"No Offer"))),"No Offer")) | Y53: No Offer | Z53: No Offer | AA53: No Offer | AB53: =IF((0=$C53),"",IFERROR(IF($C53<10,$C53*Y53,IF(AND(10<=$C53,$C53<=50),$C53*Z53,IF($C53>50,$C53*AA53,"No Offer"))),"No Offer"))
C54: ='Series 200 Input'!C54 -> 0
A55: 2/030 | B55: Take up or down and remove to tip off site natural stone block paving sett 200mm thick | C55: ='Series 200 Input'!C55 -> 0 | D55: m2 | E55: 43.15 | F55: 7.13 | G55: 7.13 | H55: =IF((0=$C55),"",IFERROR(IF($C55<10,$C55*E55,IF(AND(10<=$C55,$C55<=50),$C55*F55,IF($C55>50,$C55*G55,"No Offer"))),"No Offer")) | I55: 3 | J55: 3 | K55: 3 | L55: =IF((0=$C55),"",IFERROR(IF($C55<10,$C55*I55,IF(AND(10<=$C55,$C55<=50),$C55*J55,IF($C55>50,$C55*K55,"No Offer"))),"No Offer")) | M55: 11.44 | N55: 11.44 | O55: 11.44 | P55: =IF((0=$C55),"",IFERROR(IF($C55<10,$C55*M55,IF(AND(10<=$C55,$C55<=50),$C55*N55,IF($C55>50,$C55*O55,"No Offer"))),"No Offer")) | Q55: 8 | R55: 8 | S55: 8 | T55: =IF((0=$C55),"",IFERROR(IF($C55<10,$C55*Q55,IF(AND(10<=$C55,$C55<=50),$C55*R55,IF($C55>50,$C55*S55,"No Offer"))),"No Offer")) | U55: 40 | V55: 32 | W55: 31.2 | X55: =IF((0=$C55),"",IFERROR(IF($C55<10,$C55*U55,IF(AND(10<=$C55,$C55<=50),$C55*V55,IF($C55>50,$C55*W55,"No Offer"))),"No Offer")) | Y55: No Offer | Z55: No Offer | AA55: No Offer | AB55: =IF((0=$C55),"",IFERROR(IF($C55<10,$C55*Y55,IF(AND(10<=$C55,$C55<=50),$C55*Z55,IF($C55>50,$C55*AA55,"No Offer"))),"No Offer"))
C56: ='Series 200 Input'!C56 -> 0
B57: Grass/Concrete Paving | C57: ='Series 200 Input'!C57 -> 0 | H57: =IF((0=$C57),"",IFERROR(IF($C57<10,$C57*E57,IF(AND(10<=$C57,$C57<=50),$C57*F57,IF($C57>50,$C57*G57,"No Offer"))),"No Offer")) | L57: =IF((0=$C57),"",IFERROR(IF($C57<10,$C57*I57,IF(AND(10<=$C57,$C57<=50),$C57*J57,IF($C57>50,$C57*K57,"No Offer"))),"No Offer")) | P57: =IF((0=$C57),"",IFERROR(IF($C57<10,$C57*M57,IF(AND(10<=$C57,$C57<=50),$C57*N57,IF($C57>50,$C57*O57,"No Offer"))),"No Offer")) | T57: =IF((0=$C57),"",IFERROR(IF($C57<10,$C57*Q57,IF(AND(10<=$C57,$C57<=50),$C57*R57,IF($C57>50,$C57*S57,"No Offer"))),"No Offer")) | X57: =IF((0=$C57),"",IFERROR(IF($C57<10,$C57*U57,IF(AND(10<=$C57,$C57<=50),$C57*V57,IF($C57>50,$C57*W57,"No Offer"))),"No Offer")) | AB57: =IF((0=$C57),"",IFERROR(IF($C57<10,$C57*Y57,IF(AND(10<=$C57,$C57<=50),$C57*Z57,IF($C57>50,$C57*AA57,"No Offer"))),"No Offer"))
C58: ='Series 200 Input'!C58 -> 0 | E58: < 10 | F58: 10 - 50 | G58: > 50 | I58: < 10 | J58: 10 - 50 | K58: > 50 | M58: < 10 | N58: 10 - 50 | O58: > 50 | Q58: < 10 | R58: 10 - 50 | S58: > 50 | U58: < 10 | V58: 10 - 50 | W58: > 50 | Y58: < 10 | Z58: 10 - 50 | AA58: > 50
A59: 2/040 | B59: Take up or down and remove to tip off site grass/concrete paving 100mm thick | C59: ='Series 200 Input'!C59 -> 0 | D59: m2 | E59: 43.15 | F59: 10.68 | G59: 10.68 | H59: =IF((0=$C59),"",IFERROR(IF($C59<10,$C59*E59,IF(AND(10<=$C59,$C59<=50),$C59*F59,IF($C59>50,$C59*G59,"No Offer"))),"No Offer")) | I59: 3 | J59: 3 | K59: 3 | L59: =IF((0=$C59),"",IFERROR(IF($C59<10,$C59*I59,IF(AND(10<=$C59,$C59<=50),$C59*J59,IF($C59>50,$C59*K59,"No Offer"))),"No Offer")) | M59: 10.06 | N59: 10.06 | O59: 10.06 | P59: =IF((0=$C59),"",IFERROR(IF($C59<10,$C59*M59,IF(AND(10<=$C59,$C59<=50),$C59*N59,IF($C59>50,$C59*O59,"No Offer"))),"No Offer")) | Q59: 6 | R59: 6 | S59: 6 | T59: =IF((0=$C59),"",IFERROR(IF($C59<10,$C59*Q59,IF(AND(10<=$C59,$C59<=50),$C59*R59,IF($C59>50,$C59*S59,"No Offer"))),"No Offer")) | U59: 12 | V59: 11.4 | W59: 10.2 | X59: =IF((0=$C59),"",IFERROR(IF($C59<10,$C59*U59,IF(AND(10<=$C59,$C59<=50),$C59*V59,IF($C59>50,$C59*W59,"No Offer"))),"No Offer")) | Y59: No Offer | Z59: No Offer | AA59: No Offer | AB59: =IF((0=$C59),"",IFERROR(IF($C59<10,$C59*Y59,IF(AND(10<=$C59,$C59<=50),$C59*Z59,IF($C59>50,$C59*AA59,"No Offer"))),"No Offer"))
C60: ='Series 200 Input'!C60 -> 0
A61: 2/041 | B61: Take up or down and remove to tip off site grass/concrete paving 120mm thick | C61: ='Series 200 Input'!C61 -> 0 | D61: m2 | E61: 43.15 | F61: 10.68 | G61: 10.68 | H61: =IF((0=$C61),"",IFERROR(IF($C61<10,$C61*E61,IF(AND(10<=$C61,$C61<=50),$C61*F61,IF($C61>50,$C61*G61,"No Offer"))),"No Offer")) | I61: 3 | J61: 3 | K61: 3 | L61: =IF((0=$C61),"",IFERROR(IF($C61<10,$C61*I61,IF(AND(10<=$C61,$C61<=50),$C61*J61,IF($C61>50,$C61*K61,"No Offer"))),"No Offer")) | M61: 10.49 | N61: 10.49 | O61: 10.49 | P61: =IF((0=$C61),"",IFERROR(IF($C61<10,$C61*M61,IF(AND(10<=$C61,$C61<=50),$C61*N61,IF($C61>50,$C61*O61,"No Offer"))),"No Offer")) | Q61: 6 | R61: 6 | S61: 6 | T61: =IF((0=$C61),"",IFERROR(IF($C61<10,$C61*Q61,IF(AND(10<=$C61,$C61<=50),$C61*R61,IF($C61>50,$C61*S61,"No Offer"))),"No Offer")) | U61: 13.5 | V61: 12.9 | W61: 11.7 | X61: =IF((0=$C61),"",IFERROR(IF($C61<10,$C61*U61,IF(AND(10<=$C61,$C61<=50),$C61*V61,IF($C61>50,$C61*W61,"No Offer"))),"No Offer")) | Y61: No Offer | Z61: No Offer | AA61: No Offer | AB61: =IF((0=$C61),"",IFERROR(IF($C61<10,$C61*Y61,IF(AND(10<=$C61,$C61<=50),$C61*Z61,IF($C61>50,$C61*AA61,"No Offer"))),"No Offer"))
C62: ='Series 200 Input'!C62 -> 0
B63: Kerbing | C63: ='Series 200 Input'!C63 -> 0 | E63: < 10 | F63: 10 - 50 | G63: > 50 | I63: < 10 | J63: 10 - 50 | K63: > 50 | M63: < 10 | N63: 10 - 50 | O63: > 50 | Q63: < 10 | R63: 10 - 50 | S63: > 50 | U63: < 10 | V63: 10 - 50 | W63: > 50 | Y63: < 10 | Z63: 10 - 50 | AA63: > 50
C64: ='Series 200 Input'!C64 -> 0
A65: 2/050 | B65: Take up or down and remove to tip off site precast concrete kerbs 125 x 255mm | C65: ='Series 200 Input'!C65 -> 0 | D65: m | E65: 43.15 | F65: 7.26 | G65: 6.81 | H65: =IF((0=$C65),"",IFERROR(IF($C65<10,$C65*E65,IF(AND(10<=$C65,$C65<=50),$C65*F65,IF($C65>50,$C65*G65,"No Offer"))),"No Offer")) | I65: 3 | J65: 3 | K65: 3 | L65: =IF((0=$C65),"",IFERROR(IF($C65<10,$C65*I65,IF(AND(10<=$C65,$C65<=50),$C65*J65,IF($C65>50,$C65*K65,"No Offer"))),"No Offer")) | M65: 5.76 | N65: 5.76 | O65: 5.76 | P65: =IF((0=$C65),"",IFERROR(IF($C65<10,$C65*M65,IF(AND(10<=$C65,$C65<=50),$C65*N65,IF($C65>50,$C65*O65,"No Offer"))),"No Offer")) | Q65: 4 | R65: 3 | S65: 3 | T65: =IF((0=$C65),"",IFERROR(IF($C65<10,$C65*Q65,IF(AND(10<=$C65,$C65<=50),$C65*R65,IF($C65>50,$C65*S65,"No Offer"))),"No Offer")) | U65: 9 | V65: 7.91 | W65: 7.36 | X65: =IF((0=$C65),"",IFERROR(IF($C65<10,$C65*U65,IF(AND(10<=$C65,$C65<=50),$C65*V65,IF($C65>50,$C65*W65,"No Offer"))),"No Offer")) | Y65: 15 | Z65: 8 | AA65: 5 | AB65: =IF((0=$C65),"",IFERROR(IF($C65<10,$C65*Y65,IF(AND(10<=$C65,$C65<=50),$C65*Z65,IF($C65>50,$C65*AA65,"No Offer"))),"No Offer"))
C66: ='Series 200 Input'!C66 -> 0
A67: 2/051 | B67: Take up or down and remove to tip off site precast concrete kerbs 125 x 200mm | C67: ='Series 200 Input'!C67 -> 0 | D67: m | E67: 43.15 | F67: 7.26 | G67: 6.81 | H67: =IF((0=$C67),"",IFERROR(IF($C67<10,$C67*E67,IF(AND(10<=$C67,$C67<=50),$C67*F67,IF($C67>50,$C67*G67,"No Offer"))),"No Offer")) | I67: 3 | J67: 3 | K67: 3 | L67: =IF((0=$C67),"",IFERROR(IF($C67<10,$C67*I67,IF(AND(10<=$C67,$C67<=50),$C67*J67,IF($C67>50,$C67*K67,"No Offer"))),"No Offer")) | M67: 5.76 | N67: 5.76 | O67: 5.76 | P67: =IF((0=$C67),"",IFERROR(IF($C67<10,$C67*M67,IF(AND(10<=$C67,$C67<=50),$C67*N67,IF($C67>50,$C67*O67,"No Offer"))),"No Offer")) | Q67: 4 | R67: 3 | S67: 3 | T67: =IF((0=$C67),"",IFERROR(IF($C67<10,$C67*Q67,IF(AND(10<=$C67,$C67<=50),$C67*R67,IF($C67>50,$C67*S67,"No Offer"))),"No Offer")) | U67: 8.75 | V67: 7.7 | W67: 7.25 | X67: =IF((0=$C67),"",IFERROR(IF($C67<10,$C67*U67,IF(AND(10<=$C67,$C67<=50),$C67*V67,IF($C67>50,$C67*W67,"No Offer"))),"No Offer")) | Y67: 15 | Z67: 8 | AA67: 5 | AB67: =IF((0=$C67),"",IFERROR(IF($C67<10,$C67*Y67,IF(AND(10<=$C67,$C67<=50),$C67*Z67,IF($C67>50,$C67*AA67,"No Offer"))),"No Offer"))
C68: ='Series 200 Input'!C68 -> 0
A69: 2/052 | B69: Take up or down and remove to tip off site precast concrete kerbs 125mm x 150mm | C69: ='Series 200 Input'!C69 -> 0 | D69: m | E69: 43.15 | F69: 7.26 | G69: 5.45 | H69: =IF((0=$C69),"",IFERROR(IF($C69<10,$C69*E69,IF(AND(10<=$C69,$C69<=50),$C69*F69,IF($C69>50,$C69*G69,"No Offer"))),"No Offer")) | I69: 3 | J69: 3 | K69: 3 | L69: =IF((0=$C69),"",IFERROR(IF($C69<10,$C69*I69,IF(AND(10<=$C69,$C69<=50),$C69*J69,IF($C69>50,$C69*K69,"No Offer"))),"No Offer")) | M69: 5.76 | N69: 5.76 | O69: 5.76 | P69: =IF((0=$C69),"",IFERROR(IF($C69<10,$C69*M69,IF(AND(10<=$C69,$C69<=50),$C69*N69,IF($C69>50,$C69*O69,"No Offer"))),"No Offer")) | Q69: 4 | R69: 3 | S69: 3 | T69: =IF((0=$C69),"",IFERROR(IF($C69<10,$C69*Q69,IF(AND(10<=$C69,$C69<=50),$C69*R69,IF($C69>50,$C69*S69,"No Offer"))),"No Offer")) | U69: 8.5 | V69: 7.45 | W69: 6.95 | X69: =IF((0=$C69),"",IFERROR(IF($C69<10,$C69*U69,IF(AND(10<=$C69,$C69<=50),$C69*V69,IF($C69>50,$C69*W69,"No Offer"))),"No Offer")) | Y69: 15 | Z69: 8 | AA69: 5 | AB69: =IF((0=$C69),"",IFERROR(IF($C69<10,$C69*Y69,IF(AND(10<=$C69,$C69<=50),$C69*Z69,IF($C69>50,$C69*AA69,"No Offer"))),"No Offer"))
C70: ='Series 200 Input'!C70 -> 0
A71: 2/053 | B71: Take up or down and remove to tip off site precast concrete kerb 150mm x 305mm | C71: ='Series 200 Input'!C71 -> 0 | D71: m | E71: 43.15 | F71: 9.08 | G71: 9.08 | H71: =IF((0=$C71),"",IFERROR(IF($C71<10,$C71*E71,IF(AND(10<=$C71,$C71<=50),$C71*F71,IF($C71>50,$C71*G71,"No Offer"))),"No Offer")) | I71: 3 | J71: 3 | K71: 3 | L71: =IF((0=$C71),"",IFERROR(IF($C71<10,$C71*I71,IF(AND(10<=$C71,$C71<=50),$C71*J71,IF($C71>50,$C71*K71,"No Offer"))),"No Offer")) | M71: 5.76 | N71: 5.76 | O71: 5.76 | P71: =IF((0=$C71),"",IFERROR(IF($C71<10,$C71*M71,IF(AND(10<=$C71,$C71<=50),$C71*N71,IF($C71>50,$C71*O71,"No Offer"))),"No Offer")) | Q71: 4 | R71: 3 | S71: 3 | T71: =IF((0=$C71),"",IFERROR(IF($C71<10,$C71*Q71,IF(AND(10<=$C71,$C71<=50),$C71*R71,IF($C71>50,$C71*S71,"No Offer"))),"No Offer")) | U71: 10.5 | V71: 8.7 | W71: 8.36 | X71: =IF((0=$C71),"",IFERROR(IF($C71<10,$C71*U71,IF(AND(10<=$C71,$C71<=50),$C71*V71,IF($C71>50,$C71*W71,"No Offer"))),"No Offer")) | Y71: 15 | Z71: 8 | AA71: 5 | AB71: =IF((0=$C71),"",IFERROR(IF($C71<10,$C71*Y71,IF(AND(10<=$C71,$C71<=50),$C71*Z71,IF($C71>50,$C71*AA71,"No Offer"))),"No Offer"))
C72: ='Series 200 Input'!C72 -> 0
A73: 2/054 | B73: Take up or down and remove to tip off site natural stone kerbs 125 x 255mm | C73: ='Series 200 Input'!C73 -> 0 | D73: m | E73: 43.15 | F73: 10.89 | G73: 10.98 | H73: =IF((0=$C73),"",IFERROR(IF($C73<10,$C73*E73,IF(AND(10<=$C73,$C73<=50),$C73*F73,IF($C73>50,$C73*G73,"No Offer"))),"No Offer")) | I73: 3 | J73: 3 | K73: 3 | L73: =IF((0=$C73),"",IFERROR(IF($C73<10,$C73*I73,IF(AND(10<=$C73,$C73<=50),$C73*J73,IF($C73>50,$C73*K73,"No Offer"))),"No Offer")) | M73: 6.51 | N73: 6.51 | O73: 6.51 | P73: =IF((0=$C73),"",IFERROR(IF($C73<10,$C73*M73,IF(AND(10<=$C73,$C73<=50),$C73*N73,IF($C73>50,$C73*O73,"No Offer"))),"No Offer")) | Q73: 4 | R73: 3 | S73: 3 | T73: =IF((0=$C73),"",IFERROR(IF($C73<10,$C73*Q73,IF(AND(10<=$C73,$C73<=50),$C73*R73,IF($C73>50,$C73*S73,"No Offer"))),"No Offer")) | U73: 12 | V73: 9.49 | W73: 9.36 | X73: =IF((0=$C73),"",IFERROR(IF($C73<10,$C73*U73,IF(AND(10<=$C73,$C73<=50),$C73*V73,IF($C73>50,$C73*W73,"No Offer"))),"No Offer")) | Y73: 15 | Z73: 8 | AA73: 5 | AB73: =IF((0=$C73),"",IFERROR(IF($C73<10,$C73*Y73,IF(AND(10<=$C73,$C73<=50),$C73*Z73,IF($C73>50,$C73*AA73,"No Offer"))),"No Offer"))
C74: ='Series 200 Input'!C74 -> 0
A75: 2/055 | B75: Take up or down and remove to tip off site natural stone kerbs 125 x 200mm | C75: ='Series 200 Input'!C75 -> 0 | D75: m | E75: 43.15 | F75: 10.89 | G75: 10.98 | H75: =IF((0=$C75),"",IFERROR(IF($C75<10,$C75*E75,IF(AND(10<=$C75,$C75<=50),$C75*F75,IF($C75>50,$C75*G75,"No Offer"))),"No Offer")) | I75: 3 | J75: 3 | K75: 3 | L75: =IF((0=$C75),"",IFERROR(IF($C75<10,$C75*I75,IF(AND(10<=$C75,$C75<=50),$C75*J75,IF($C75>50,$C75*K75,"No Offer"))),"No Offer")) | M75: 6.51 | N75: 6.51 | O75: 6.51 | P75: =IF((0=$C75),"",IFERROR(IF($C75<10,$C75*M75,IF(AND(10<=$C75,$C75<=50),$C75*N75,IF($C75>50,$C75*O75,"No Offer"))),"No Offer")) | Q75: 4 | R75: 3 | S75: 3 | T75: =IF((0=$C75),"",IFERROR(IF($C75<10,$C75*Q75,IF(AND(10<=$C75,$C75<=50),$C75*R75,IF($C75>50,$C75*S75,"No Offer"))),"No Offer")) | U75: 10.5 | V75: 8.7 | W75: 8.36 | X75: =IF((0=$C75),"",IFERROR(IF($C75<10,$C75*U75,IF(AND(10<=$C75,$C75<=50),$C75*V75,IF($C75>50,$C75*W75,"No Offer"))),"No Offer")) | Y75: 15 | Z75: 8 | AA75: 5 | AB75: =IF((0=$C75),"",IFERROR(IF($C75<10,$C75*Y75,IF(AND(10<=$C75,$C75<=50),$C75*Z75,IF($C75>50,$C75*AA75,"No Offer"))),"No Offer"))
C76: ='Series 200 Input'!C76 -> 0
A77: 2/056 | B77: Take up or down and remove to tip off site natural stone kerbs 125mm x 150mm | C77: ='Series 200 Input'!C77 -> 0 | D77: m | E77: 43.15 | F77: 9.08 | G77: 9.08 | H77: =IF((0=$C77),"",IFERROR(IF($C77<10,$C77*E77,IF(AND(10<=$C77,$C77<=50),$C77*F77,IF($C77>50,$C77*G77,"No Offer"))),"No Offer")) | I77: 3 | J77: 3 | K77: 3 | L77: =IF((0=$C77),"",IFERROR(IF($C77<10,$C77*I77,IF(AND(10<=$C77,$C77<=50),$C77*J77,IF($C77>50,$C77*K77,"No Offer"))),"No Offer")) | M77: 6.51 | N77: 6.51 | O77: 6.51 | P77: =IF((0=$C77),"",IFERROR(IF($C77<10,$C77*M77,IF(AND(10<=$C77,$C77<=50),$C77*N77,IF($C77>50,$C77*O77,"No Offer"))),"No Offer")) | Q77: 4 | R77: 3 | S77: 3 | T77: =IF((0=$C77),"",IFERROR(IF($C77<10,$C77*Q77,IF(AND(10<=$C77,$C77<=50),$C77*R77,IF($C77>50,$C77*S77,"No Offer"))),"No Offer")) | U77: 9 | V77: 7.91 | W77: 7.36 | X77: =IF((0=$C77),"",IFERROR(IF($C77<10,$C77*U77,IF(AND(10<=$C77,$C77<=50),$C77*V77,IF($C77>50,$C77*W77,"No Offer"))),"No Offer")) | Y77: 15 | Z77: 8 | AA77: 5 | AB77: =IF((0=$C77),"",IFERROR(IF($C77<10,$C77*Y77,IF(AND(10<=$C77,$C77<=50),$C77*Z77,IF($C77>50,$C77*AA77,"No Offer"))),"No Offer"))
C78: ='Series 200 Input'!C78 -> 0
B79: Edge Kerbing | C79: ='Series 200 Input'!C79 -> 0 | E79: < 10 | F79: 10 - 50 | G79: > 50 | I79: < 10 | J79: 10 - 50 | K79: > 50 | M79: < 10 | N79: 10 - 50 | O79: > 50 | Q79: < 10 | R79: 10 - 50 | S79: > 50 | U79: < 10 | V79: 10 - 50 | W79: > 50 | Y79: < 10 | Z79: 10 - 50 | AA79: > 50
C80: ='Series 200 Input'!C80 -> 0
A81: 2/060 | B81: Take up or down and remove to tip off site precast concrete edging 50 x 150mm | C81: ='Series 200 Input'!C81 -> 0 | D81: m | E81: 43.15 | F81: 7.26 | G81: 4.36 | H81: =IF((0=$C81),"",IFERROR(IF($C81<10,$C81*E81,IF(AND(10<=$C81,$C81<=50),$C81*F81,IF($C81>50,$C81*G81,"No Offer"))),"No Offer")) | I81: 3 | J81: 3 | K81: 3 | L81: =IF((0=$C81),"",IFERROR(IF($C81<10,$C81*I81,IF(AND(10<=$C81,$C81<=50),$C81*J81,IF($C81>50,$C81*K81,"No Offer"))),"No Offer")) | M81: 4.33 | N81: 4.33 | O81: 4.33 | P81: =IF((0=$C81),"",IFERROR(IF($C81<10,$C81*M81,IF(AND(10<=$C81,$C81<=50),$C81*N81,IF($C81>50,$C81*O81,"No Offer"))),"No Offer")) | Q81: 2.5 | R81: 2.5 | S81: 2 | T81: =IF((0=$C81),"",IFERROR(IF($C81<10,$C81*Q81,IF(AND(10<=$C81,$C81<=50),$C81*R81,IF($C81>50,$C81*S81,"No Offer"))),"No Offer")) | U81: 8.4 | V81: 7.2 | W81: 6 | X81: =IF((0=$C81),"",IFERROR(IF($C81<10,$C81*U81,IF(AND(10<=$C81,$C81<=50),$C81*V81,IF($C81>50,$C81*W81,"No Offer"))),"No Offer")) | Y81: 15 | Z81: 8 | AA81: 5 | AB81: =IF((0=$C81),"",IFERROR(IF($C81<10,$C81*Y81,IF(AND(10<=$C81,$C81<=50),$C81*Z81,IF($C81>50,$C81*AA81,"No Offer"))),"No Offer"))
C82: ='Series 200 Input'!C82 -> 0
A83: 2/061 | B83: Take up or down and remove to tip off site precast concrete edging 75 x 225mm | C83: ='Series 200 Input'!C83 -> 0 | D83: m | E83: 42.15 | F83: 7.26 | G83: 5.45 | H83: =IF((0=$C83),"",IFERROR(IF($C83<10,$C83*E83,IF(AND(10<=$C83,$C83<=50),$C83*F83,IF($C83>50,$C83*G83,"No Offer"))),"No Offer")) | I83: 3 | J83: 3 | K83: 3 | L83: =IF((0=$C83),"",IFERROR(IF($C83<10,$C83*I83,IF(AND(10<=$C83,$C83<=50),$C83*J83,IF($C83>50,$C83*K83,"No Offer"))),"No Offer")) | M83: 4.33 | N83: 4.33 | O83: 4.33 | P83: =IF((0=$C83),"",IFERROR(IF($C83<10,$C83*M83,IF(AND(10<=$C83,$C83<=50),$C83*N83,IF($C83>50,$C83*O83,"No Offer"))),"No Offer")) | Q83: 2.5 | R83: 2.5 | S83: 2 | T83: =IF((0=$C83),"",IFERROR(IF($C83<10,$C83*Q83,IF(AND(10<=$C83,$C83<=50),$C83*R83,IF($C83>50,$C83*S83,"No Offer"))),"No Offer")) | U83: 8.75 | V83: 7.65 | W83: 7.11 | X83: =IF((0=$C83),"",IFERROR(IF($C83<10,$C83*U83,IF(AND(10<=$C83,$C83<=50),$C83*V83,IF($C83>50,$C83*W83,"No Offer"))),"No Offer")) | Y83: 15 | Z83: 8 | AA83: 5 | AB83: =IF((0=$C83),"",IFERROR(IF($C83<10,$C83*Y83,IF(AND(10<=$C83,$C83<=50),$C83*Z83,IF($C83>50,$C83*AA83,"No Offer"))),"No Offer"))
C84: ='Series 200 Input'!C84 -> 0
A85: 2/062 | B85: Take up or down and remove to tip off site timber edging 50 x 125mm | C85: ='Series 200 Input'!C85 -> 0 | D85: m | E85: 43.15 | F85: 7.26 | G85: 4.36 | H85: =IF((0=$C85),"",IFERROR(IF($C85<10,$C85*E85,IF(AND(10<=$C85,$C85<=50),$C85*F85,IF($C85>50,$C85*G85,"No Offer"))),"No Offer")) | I85: 3 | J85: 3 | K85: 3 | L85: =IF((0=$C85),"",IFERROR(IF($C85<10,$C85*I85,IF(AND(10<=$C85,$C85<=50),$C85*J85,IF($C85>50,$C85*K85,"No Offer"))),"No Offer")) | M85: 3.12 | N85: 3.12 | O85: 3.12 | P85: =IF((0=$C85),"",IFERROR(IF($C85<10,$C85*M85,IF(AND(10<=$C85,$C85<=50),$C85*N85,IF($C85>50,$C85*O85,"No Offer"))),"No Offer")) | Q85: 2.5 | R85: 2.5 | S85: 2 | T85: =IF((0=$C85),"",IFERROR(IF($C85<10,$C85*Q85,IF(AND(10<=$C85,$C85<=50),$C85*R85,IF($C85>50,$C85*S85,"No Offer"))),"No Offer")) | U85: 6.5 | V85: 5.4 | W85: 4.5 | X85: =IF((0=$C85),"",IFERROR(IF($C85<10,$C85*U85,IF(AND(10<=$C85,$C85<=50),$C85*V85,IF($C85>50,$C85*W85,"No Offer"))),"No Offer")) | Y85: 5 | Z85: 4 | AA85: 3 | AB85: =IF((0=$C85),"",IFERROR(IF($C85<10,$C85*Y85,IF(AND(10<=$C85,$C85<=50),$C85*Z85,IF($C85>50,$C85*AA85,"No Offer"))),"No Offer"))
C86: ='Series 200 Input'!C86 -> 0
B87: Drainage Kerbing/channels | C87: ='Series 200 Input'!C87 -> 0 | E87: < 10 | F87: 10 - 50 | G87: > 50 | I87: < 10 | J87: 10 - 50 | K87: > 50 | M87: < 10 | N87: 10 - 50 | O87: > 50 | Q87: < 10 | R87: 10 - 50 | S87: > 50 | U87: < 10 | V87: 10 - 50 | W87: > 50 | Y87: < 10 | Z87: 10 - 50 | AA87: > 50
C88: ='Series 200 Input'!C88 -> 0
A89: 2/070 | B89: Take up or down and remove to tip off site precast concrete dish channel | C89: ='Series 200 Input'!C89 -> 0 | D89: m | E89: 43.15 | F89: 10.89 | G89: 10.89 | H89: =IF((0=$C89),"",IFERROR(IF($C89<10,$C89*E89,IF(AND(10<=$C89,$C89<=50),$C89*F89,IF($C89>50,$C89*G89,"No Offer"))),"No Offer")) | I89: 3 | J89: 3 | K89: 3 | L89: =IF((0=$C89),"",IFERROR(IF($C89<10,$C89*I89,IF(AND(10<=$C89,$C89<=50),$C89*J89,IF($C89>50,$C89*K89,"No Offer"))),"No Offer")) | M89: 8.41 | N89: 8.41 | O89: 8.41 | P89: =IF((0=$C89),"",IFERROR(IF($C89<10,$C89*M89,IF(AND(10<=$C89,$C89<=50),$C89*N89,IF($C89>50,$C89*O89,"No Offer"))),"No Offer")) | Q89: 5 | R89: 5 | S89: 5 | T89: =IF((0=$C89),"",IFERROR(IF($C89<10,$C89*Q89,IF(AND(10<=$C89,$C89<=50),$C89*R89,IF($C89>50,$C89*S89,"No Offer"))),"No Offer")) | U89: 9.6 | V89: 7.91 | W89: 6.6 | X89: =IF((0=$C89),"",IFERROR(IF($C89<10,$C89*U89,IF(AND(10<=$C89,$C89<=50),$C89*V89,IF($C89>50,$C89*W89,"No Offer"))),"No Offer")) | Y89: No Offer | Z89: No Offer | AA89: No Offer | AB89: =IF((0=$C89),"",IFERROR(IF($C89<10,$C89*Y89,IF(AND(10<=$C89,$C89<=50),$C89*Z89,IF($C89>50,$C89*AA89,"No Offer"))),"No Offer"))
C90: ='Series 200 Input'!C90 -> 0
A91: 2/071 | B91: Take up or down and remove to tip off site combined drainage and kerb blocks | C91: ='Series 200 Input'!C91 -> 0 | D91: m | E91: 43.15 | F91: 21.78 | G91: 21.78 | H91: =IF((0=$C91),"",IFERROR(IF($C91<10,$C91*E91,IF(AND(10<=$C91,$C91<=50),$C91*F91,IF($C91>50,$C91*G91,"No Offer"))),"No Offer")) | I91: 3 | J91: 3 | K91: 3 | L91: =IF((0=$C91),"",IFERROR(IF($C91<10,$C91*I91,IF(AND(10<=$C91,$C91<=50),$C91*J91,IF($C91>50,$C91*K91,"No Offer"))),"No Offer")) | M91: 8.41 | N91: 8.41 | O91: 8.41 | P91: =IF((0=$C91),"",IFERROR(IF($C91<10,$C91*M91,IF(AND(10<=$C91,$C91<=50),$C91*N91,IF($C91>50,$C91*O91,"No Offer"))),"No Offer")) | Q91: 5 | R91: 5 | S91: 5 | T91: =IF((0=$C91),"",IFERROR(IF($C91<10,$C91*Q91,IF(AND(10<=$C91,$C91<=50),$C91*R91,IF($C91>50,$C91*S91,"No Offer"))),"No Offer")) | U91: 10.5 | V91: 8.7 | W91: 8.36 | X91: =IF((0=$C91),"",IFERROR(IF($C91<10,$C91*U91,IF(AND(10<=$C91,$C91<=50),$C91*V91,IF($C91>50,$C91*W91,"No Offer"))),"No Offer")) | Y91: No Offer | Z91: No Offer | AA91: No Offer | AB91: =IF((0=$C91),"",IFERROR(IF($C91<10,$C91*Y91,IF(AND(10<=$C91,$C91<=50),$C91*Z91,IF($C91>50,$C91*AA91,"No Offer"))),"No Offer"))
C92: ='Series 200 Input'!C92 -> 0
A93: 2/072 | B93: Take up or down and remove to tip off site linear drainage channel systems | C93: ='Series 200 Input'!C93 -> 0 | D93: m | E93: 43.15 | F93: 21.78 | G93: 21.78 | H93: =IF((0=$C93),"",IFERROR(IF($C93<10,$C93*E93,IF(AND(10<=$C93,$C93<=50),$C93*F93,IF($C93>50,$C93*G93,"No Offer"))),"No Offer")) | I93: 3 | J93: 3 | K93: 3 | L93: =IF((0=$C93),"",IFERROR(IF($C93<10,$C93*I93,IF(AND(10<=$C93,$C93<=50),$C93*J93,IF($C93>50,$C93*K93,"No Offer"))),"No Offer")) | M93: 8.41 | N93: 8.41 | O93: 8.41 | P93: =IF((0=$C93),"",IFERROR(IF($C93<10,$C93*M93,IF(AND(10<=$C93,$C93<=50),$C93*N93,IF($C93>50,$C93*O93,"No Offer"))),"No Offer")) | Q93: 5 | R93: 5 | S93: 5 | T93: =IF((0=$C93),"",IFERROR(IF($C93<10,$C93*Q93,IF(AND(10<=$C93,$C93<=50),$C93*R93,IF($C93>50,$C93*S93,"No Offer"))),"No Offer")) | U93: 14.4 | V93: 12 | W93: 10.2 | X93: =IF((0=$C93),"",IFERROR(IF($C93<10,$C93*U93,IF(AND(10<=$C93,$C93<=50),$C93*V93,IF($C93>50,$C93*W93,"No Offer"))),"No Offer")) | Y93: No Offer | Z93: No Offer | AA93: No Offer | AB93: =IF((0=$C93),"",IFERROR(IF($C93<10,$C93*Y93,IF(AND(10<=$C93,$C93<=50),$C93*Z93,IF($C93>50,$C93*AA93,"No Offer"))),"No Offer"))
C94: ='Series 200 Input'!C94 -> 0
B95: Street Furniture | C95: ='Series 200 Input'!C95 -> 0
C96: ='Series 200 Input'!C96 -> 0
B97: Pedestrian Barrier | C97: ='Series 200 Input'!C97 -> 0 | E97: < 10 | F97: 10 - 50 | G97: > 50 | I97: < 10 | J97: 10 - 50 | K97: > 50 | M97: < 10 | N97: 10 - 50 | O97: > 50 | Q97: < 10 | R97: 10 - 50 | S97: > 50 | U97: < 10 | V97: 10 - 50 | W97: > 50 | Y97: < 10 | Z97: 10 - 50 | AA97: > 50
C98: ='Series 200 Input'!C98 -> 0
A99: 2/080 | B99: Take up or down and remove to tip off site pedestrian guardrail fence 1.0m high | C99: ='Series 200 Input'!C99 -> 0 | D99: m | E99: 16.31 | F99: 16.31 | G99: 16.31 | H99: =IF((0=$C99),"",IFERROR(IF($C99<10,$C99*E99,IF(AND(10<=$C99,$C99<=50),$C99*F99,IF($C99>50,$C99*G99,"No Offer"))),"No Offer")) | I99: 10 | J99: 10 | K99: 10 | L99: =IF((0=$C99),"",IFERROR(IF($C99<10,$C99*I99,IF(AND(10<=$C99,$C99<=50),$C99*J99,IF($C99>50,$C99*K99,"No Offer"))),"No Offer")) | M99: 26.75 | N99: 26.75 | O99: 26.75 | P99: =IF((0=$C99),"",IFERROR(IF($C99<10,$C99*M99,IF(AND(10<=$C99,$C99<=50),$C99*N99,IF($C99>50,$C99*O99,"No Offer"))),"No Offer")) | Q99: 10 | R99: 10 | S99: 8 | T99: =IF((0=$C99),"",IFERROR(IF($C99<10,$C99*Q99,IF(AND(10<=$C99,$C99<=50),$C99*R99,IF($C99>50,$C99*S99,"No Offer"))),"No Offer")) | U99: 24 | V99: 21.6 | W99: 21 | X99: =IF((0=$C99),"",IFERROR(IF($C99<10,$C99*U99,IF(AND(10<=$C99,$C99<=50),$C99*V99,IF($C99>50,$C99*W99,"No Offer"))),"No Offer")) | Y99: No Offer | Z99: No Offer | AA99: No Offer | AB99: =IF((0=$C99),"",IFERROR(IF($C99<10,$C99*Y99,IF(AND(10<=$C99,$C99<=50),$C99*Z99,IF($C99>50,$C99*AA99,"No Offer"))),"No Offer"))
C100: ='Series 200 Input'!C100 -> 0
A101: 2/081 | B101: Take up or down and remove to tip off site pedestrian guardrail fence 1.2m high | C101: ='Series 200 Input'!C101 -> 0 | D101: m | E101: 16.31 | F101: 16.31 | G101: 16.31 | H101: =IF((0=$C101),"",IFERROR(IF($C101<10,$C101*E101,IF(AND(10<=$C101,$C101<=50),$C101*F101,IF($C101>50,$C101*G101,"No Offer"))),"No Offer")) | I101: 10 | J101: 10 | K101: 10 | L101: =IF((0=$C101),"",IFERROR(IF($C101<10,$C101*I101,IF(AND(10<=$C101,$C101<=50),$C101*J101,IF($C101>50,$C101*K101,"No Offer"))),"No Offer")) | M101: 26.75 | N101: 26.75 | O101: 26.75 | P101: =IF((0=$C101),"",IFERROR(IF($C101<10,$C101*M101,IF(AND(10<=$C101,$C101<=50),$C101*N101,IF($C101>50,$C101*O101,"No Offer"))),"No Offer")) | Q101: 10 | R101: 10 | S101: 8 | T101: =IF((0=$C101),"",IFERROR(IF($C101<10,$C101*Q101,IF(AND(10<=$C101,$C101<=50),$C101*R101,IF($C101>50,$C101*S101,"No Offer"))),"No Offer")) | U101: 27 | V101: 24 | W101: 23.4 | X101: =IF((0=$C101),"",IFERROR(IF($C101<10,$C101*U101,IF(AND(10<=$C101,$C101<=50),$C101*V101,IF($C101>50,$C101*W101,"No Offer"))),"No Offer")) | Y101: No Offer | Z101: No Offer | AA101: No Offer | AB101: =IF((0=$C101),"",IFERROR(IF($C101<10,$C101*Y101,IF(AND(10<=$C101,$C101<=50),$C101*Z101,IF($C101>50,$C101*AA101,"No Offer"))),"No Offer"))
C102: ='Series 200 Input'!C102 -> 0
...

Sheet Series 200 Final
A1: SERIES 200: SITE CLEARANCE
A2: Item | B2: Description | C2: Qty | D2: Unit | E2: Tayside Contracts | I2: John McGeady Ltd | M2: Lightways (Contractors) Ltd | Q2: Newlay Civil Engineering | U2: T & N Gilmartin (Contractors) Ltd | Y2: Tarmac Limited
E3: Band A | F3: Band B | G3: Band C | H3: Cost | I3: Band A | J3: Band B | K3: Band C | L3: Cost | M3: Band A | N3: Band B | O3: Band C | P3: Cost | Q3: Band A | R3: Band B | S3: Band C | T3: Cost | U3: Band A | V3: Band B | W3: Band C | X3: Cost | Y3: Band A | Z3: Band B | AA3: Band C | AB3: Cost
B5: Site Clearance | E5: < 5 | F5: 5 - 20 | G5: > 20 | I5: < 5 | J5: 5 - 20 | K5: > 20 | M5: < 5 | N5: 5 - 20 | O5: > 20 | Q5: < 5 | R5: 5 - 20 | S5: > 20 | U5: < 5 | V5: 5 - 20 | W5: > 20 | Y5: < 5 | Z5: 5 - 20 | AA5: > 20
A7: 2/001 | B7: General site clearance | C7: ='Series 200 Input'!J7 -> 0 | D7: Ha | E7: 3000 | F7: 3000 | G7: 3000 | H7: =IF((0=$C7),"",IFERROR(IF($C7<5,$C7*E7,IF(AND(5<=$C7,$C7<=20),$C7*F7,IF($C7>20,$C7*G7,"No Offer"))),"No Offer")) | I7: No offer | J7: No offer | K7: No offer | L7: =IF((0=$C7),"",IFERROR(IF($C7<5,$C7*I7,IF(AND(5<=$C7,$C7<=20),$C7*J7,IF($C7>20,$C7*K7,"No Offer"))),"No Offer")) | M7: 1.33 | N7: 1.33 | O7: 1.33 | P7: =IF((0=$C7),"",IFERROR(IF($C7<5,$C7*M7,IF(AND(5<=$C7,$C7<=20),$C7*N7,IF($C7>20,$C7*O7,"No Offer"))),"No Offer")) | Q7: No offer | R7: No offer | S7: No offer | T7: =IF((0=$C7),"",IFERROR(IF($C7<5,$C7*Q7,IF(AND(5<=$C7,$C7<=20),$C7*R7,IF($C7>20,$C7*S7,"No Offer"))),"No Offer")) | U7: 2400 | V7: 2100 | W7: 1800 | X7: =IF((0=$C7),"",IFERROR(IF($C7<5,$C7*U7,IF(AND(5<=$C7,$C7<=20),$C7*V7,IF($C7>20,$C7*W7,"No Offer"))),"No Offer")) | Y7: 1500 | Z7: 1500 | AA7: 1500 | AB7: =IF((0=$C7),"",IFERROR(IF($C7<5,$C7*Y7,IF(AND(5<=$C7,$C7<=20),$C7*Z7,IF($C7>20,$C7*AA7,"No Offer"))),"No Offer"))
C8: ='Series 200 Input'!J8 -> 0
B9: Take Up or Down and Set Aside for Reuse or Remove to Store off Site | C9: ='Series 200 Input'!J9 -> 0
C10: ='Series 200 Input'!J10 -> 0
B11: Remove to Tip Off Site | C11: ='Series 200 Input'!J11 -> 0
C12: ='Series 200 Input'!J12 -> 0
B13: Slabs | C13: ='Series 200 Input'!J13 -> 0 | E13: < 10 | F13: 10 - 50 | G13: > 50 | I13: < 10 | J13: 10 - 50 | K13: > 50 | M13: < 10 | N13: 10 - 50 | O13: > 50 | Q13: < 10 | R13: 10 - 50 | S13: > 50 | U13: < 10 | V13: 10 - 50 | W13: > 50 | Y13: < 10 | Z13: 10 - 50 | AA13: > 50
C14: ='Series 200 Input'!J14 -> 0
A15: 2/010 | B15: Take up or down and remove to tip off site precast concrete slab paving 50mm thick | C15: ='Series 200 Input'!J15 -> 0 | D15: m2 | E15: 43.15 | F15: 7.13 | G15: 4.45 | H15: =IF((0=$C15),"",IFERROR(IF($C15<10,$C15*E15,IF(AND(10<=$C15,$C15<=50),$C15*F15,IF($C15>50,$C15*G15,"No Offer"))),"No Offer")) | I15: 3 | J15: 3 | K15: 3 | L15: =IF((0=$C15),"",IFERROR(IF($C15<10,$C15*I15,IF(AND(10<=$C15,$C15<=50),$C15*J15,IF($C15>50,$C15*K15,"No Offer"))),"No Offer")) | M15: 7.43 | N15: 7.43 | O15: 7.43 | P15: =IF((0=$C15),"",IFERROR(IF($C15<10,$C15*M15,IF(AND(10<=$C15,$C15<=50),$C15*N15,IF($C15>50,$C15*O15,"No Offer"))),"No Offer")) | Q15: 4 | R15: 4 | S15: 4 | T15: =IF((0=$C15),"",IFERROR(IF($C15<10,$C15*Q15,IF(AND(10<=$C15,$C15<=50),$C15*R15,IF($C15>50,$C15*S15,"No Offer"))),"No Offer")) | U15: 7.8 | V15: 6.37 | W15: 6 | X15: =IF((0=$C15),"",IFERROR(IF($C15<10,$C15*U15,IF(AND(10<=$C15,$C15<=50),$C15*V15,IF($C15>50,$C15*W15,"No Offer"))),"No Offer")) | Y15: No Offer | Z15: No Offer | AA15: No Offer | AB15: =IF((0=$C15),"",IFERROR(IF($C15<10,$C15*Y15,IF(AND(10<=$C15,$C15<=50),$C15*Z15,IF($C15>50,$C15*AA15,"No Offer"))),"No Offer"))
C16: ='Series 200 Input'!J16 -> 0
A17: 2/011 | B17: Take up or down and remove to tip off site precast concrete slab paving 65mm thick | C17: ='Series 200 Input'!J17 -> 0 | D17: m2 | E17: 43.15 | F17: 7.13 | G17: 5.34 | H17: =IF((0=$C17),"",IFERROR(IF($C17<10,$C17*E17,IF(AND(10<=$C17,$C17<=50),$C17*F17,IF($C17>50,$C17*G17,"No Offer"))),"No Offer")) | I17: 3 | J17: 3 | K17: 3 | L17: =IF((0=$C17),"",IFERROR(IF($C17<10,$C17*I17,IF(AND(10<=$C17,$C17<=50),$C17*J17,IF($C17>50,$C17*K17,"No Offer"))),"No Offer")) | M17: 9.32 | N17: 9.32 | O17: 9.32 | P17: =IF((0=$C17),"",IFERROR(IF($C17<10,$C17*M17,IF(AND(10<=$C17,$C17<=50),$C17*N17,IF($C17>50,$C17*O17,"No Offer"))),"No Offer")) | Q17: 4 | R17: 4 | S17: 4 | T17: =IF((0=$C17),"",IFERROR(IF($C17<10,$C17*Q17,IF(AND(10<=$C17,$C17<=50),$C17*R17,IF($C17>50,$C17*S17,"No Offer"))),"No Offer")) | U17: 9 | V17: 7.8 | W17: 7.2 | X17: =IF((0=$C17),"",IFERROR(IF($C17<10,$C17*U17,IF(AND(10<=$C17,$C17<=50),$C17*V17,IF($C17>50,$C17*W17,"No Offer"))),"No Offer")) | Y17: No Offer | Z17: No Offer | AA17: No Offer | AB17: =IF((0=$C17),"",IFERROR(IF($C17<10,$C17*Y17,IF(AND(10<=$C17,$C17<=50),$C17*Z17,IF($C17>50,$C17*AA17,"No Offer"))),"No Offer"))
C18: ='Series 200 Input'!J18 -> 0
A19: 2/012 | B19: Take up or down and remove to tip off site precast concrete tactile paving slab paving 50mm thick | C19: ='Series 200 Input'!J19 -> 0 | D19: m2 | E19: 43.15 | F19: 10.68 | G19: 10.68 | H19: =IF((0=$C19),"",IFERROR(IF($C19<10,$C19*E19,IF(AND(10<=$C19,$C19<=50),$C19*F19,IF($C19>50,$C19*G19,"No Offer"))),"No Offer")) | I19: 3 | J19: 3 | K19: 3 | L19: =IF((0=$C19),"",IFERROR(IF($C19<10,$C19*I19,IF(AND(10<=$C19,$C19<=50),$C19*J19,IF($C19>50,$C19*K19,"No Offer"))),"No Offer")) | M19: 7.43 | N19: 7.43 | O19: 7.43 | P19: =IF((0=$C19),"",IFERROR(IF($C19<10,$C19*M19,IF(AND(10<=$C19,$C19<=50),$C19*N19,IF($C19>50,$C19*O19,"No Offer"))),"No Offer")) | Q19: 4 | R19: 4 | S19: 4 | T19: =IF((0=$C19),"",IFERROR(IF($C19<10,$C19*Q19,IF(AND(10<=$C19,$C19<=50),$C19*R19,IF($C19>50,$C19*S19,"No Offer"))),"No Offer")) | U19: 7.8 | V19: 6.37 | W19: 6 | X19: =IF((0=$C19),"",IFERROR(IF($C19<10,$C19*U19,IF(AND(10<=$C19,$C19<=50),$C19*V19,IF($C19>50,$C19*W19,"No Offer"))),"No Offer")) | Y19: No Offer | Z19: No Offer | AA19: No Offer | AB19: =IF((0=$C19),"",IFERROR(IF($C19<10,$C19*Y19,IF(AND(10<=$C19,$C19<=50),$C19*Z19,IF($C19>50,$C19*AA19,"No Offer"))),"No Offer"))
C20: ='Series 200 Input'!J20 -> 0
A21: 2/013 | B21: Take up or down and remove to tip off site precast concrete tactile paving slab paving 65mm thick | C21: ='Series 200 Input'!J21 -> 0 | D21: m2 | E21: 43.15 | F21: 11.87 | G21: 11.87 | H21: =IF((0=$C21),"",IFERROR(IF($C21<10,$C21*E21,IF(AND(10<=$C21,$C21<=50),$C21*F21,IF($C21>50,$C21*G21,"No Offer"))),"No Offer")) | I21: 3 | J21: 3 | K21: 3 | L21: =IF((0=$C21),"",IFERROR(IF($C21<10,$C21*I21,IF(AND(10<=$C21,$C21<=50),$C21*J21,IF($C21>50,$C21*K21,"No Offer"))),"No Offer")) | M21: 9.32 | N21: 9.32 | O21: 9.32 | P21: =IF((0=$C21),"",IFERROR(IF($C21<10,$C21*M21,IF(AND(10<=$C21,$C21<=50),$C21*N21,IF($C21>50,$C21*O21,"No Offer"))),"No Offer")) | Q21: 4 | R21: 4 | S21: 4 | T21: =IF((0=$C21),"",IFERROR(IF($C21<10,$C21*Q21,IF(AND(10<=$C21,$C21<=50),$C21*R21,IF($C21>50,$C21*S21,"No Offer"))),"No Offer")) | U21: 9 | V21: 7.8 | W21: 7.2 | X21: =IF((0=$C21),"",IFERROR(IF($C21<10,$C21*U21,IF(AND(10<=$C21,$C21<=50),$C21*V21,IF($C21>50,$C21*W21,"No Offer"))),"No Offer")) | Y21: No Offer | Z21: No Offer | AA21: No Offer | AB21: =IF((0=$C21),"",IFERROR(IF($C21<10,$C21*Y21,IF(AND(10<=$C21,$C21<=50),$C21*Z21,IF($C21>50,$C21*AA21,"No Offer"))),"No Offer"))
C22: ='Series 200 Input'!J22 -> 0
A23: 2/014 | B23: Take up or down and remove to tip off site precast concrete hazard paving slab paving 50mm thick | C23: ='Series 200 Input'!J23 -> 0 | D23: m2 | E23: 43.15 | F23: 10.68 | G23: 10.68 | H23: =IF((0=$C23),"",IFERROR(IF($C23<10,$C23*E23,IF(AND(10<=$C23,$C23<=50),$C23*F23,IF($C23>50,$C23*G23,"No Offer"))),"No Offer")) | I23: 3 | J23: 3 | K23: 3 | L23: =IF((0=$C23),"",IFERROR(IF($C23<10,$C23*I23,IF(AND(10<=$C23,$C23<=50),$C23*J23,IF($C23>50,$C23*K23,"No Offer"))),"No Offer")) | M23: 7.43 | N23: 7.43 | O23: 7.43 | P23: =IF((0=$C23),"",IFERROR(IF($C23<10,$C23*M23,IF(AND(10<=$C23,$C23<=50),$C23*N23,IF($C23>50,$C23*O23,"No Offer"))),"No Offer")) | Q23: 4 | R23: 4 | S23: 4 | T23: =IF((0=$C23),"",IFERROR(IF($C23<10,$C23*Q23,IF(AND(10<=$C23,$C23<=50),$C23*R23,IF($C23>50,$C23*S23,"No Offer"))),"No Offer")) | U23: 7.8 | V23: 6.37 | W23: 6 | X23: =IF((0=$C23),"",IFERROR(IF($C23<10,$C23*U23,IF(AND(10<=$C23,$C23<=50),$C23*V23,IF($C23>50,$C23*W23,"No Offer"))),"No Offer")) | Y23: No Offer | Z23: No Offer | AA23: No Offer | AB23: =IF((0=$C23),"",IFERROR(IF($C23<10,$C23*Y23,IF(AND(10<=$C23,$C23<=50),$C23*Z23,IF($C23>50,$C23*AA23,"No Offer"))),"No Offer"))
C24: ='Series 200 Input'!J24 -> 0
A25: 2/015 | B25: Take up or down and remove to tip off site precast concrete hazard paving slab paving 65mm thick | C25: ='Series 200 Input'!J25 -> 0 | D25: m2 | E25: 43.15 | F25: 11.87 | G25: 11.87 | H25: =IF((0=$C25),"",IFERROR(IF($C25<10,$C25*E25,IF(AND(10<=$C25,$C25<=50),$C25*F25,IF($C25>50,$C25*G25,"No Offer"))),"No Offer")) | I25: 3 | J25: 3 | K25: 3 | L25: =IF((0=$C25),"",IFERROR(IF($C25<10,$C25*I25,IF(AND(10<=$C25,$C25<=50),$C25*J25,IF($C25>50,$C25*K25,"No Offer"))),"No Offer")) | M25: 9.32 | N25: 9.32 | O25: 9.32 | P25: =IF((0=$C25),"",IFERROR(IF($C25<10,$C25*M25,IF(AND(10<=$C25,$C25<=50),$C25*N25,IF($C25>50,$C25*O25,"No Offer"))),"No Offer")) | Q25: 4 | R25: 4 | S25: 4 | T25: =IF((0=$C25),"",IFERROR(IF($C25<10,$C25*Q25,IF(AND(10<=$C25,$C25<=50),$C25*R25,IF($C25>50,$C25*S25,"No Offer"))),"No Offer")) | U25: 9 | V25: 7.8 | W25: 7.2 | X25: =IF((0=$C25),"",IFERROR(IF($C25<10,$C25*U25,IF(AND(10<=$C25,$C25<=50),$C25*V25,IF($C25>50,$C25*W25,"No Offer"))),"No Offer")) | Y25: No Offer | Z25: No Offer | AA25: No Offer | AB25: =IF((0=$C25),"",IFERROR(IF($C25<10,$C25*Y25,IF(AND(10<=$C25,$C25<=50),$C25*Z25,IF($C25>50,$C25*AA25,"No Offer"))),"No Offer"))
C26: ='Series 200 Input'!J26 -> 0
A27: 2/016 | B27: Take up or down and remove to tip off site natural stone slab paving 50mm thick | C27: ='Series 200 Input'!J27 -> 0 | D27: m2 | E27: 43.15 | F27: 10.68 | G27: 10.68 | H27: =IF((0=$C27),"",IFERROR(IF($C27<10,$C27*E27,IF(AND(10<=$C27,$C27<=50),$C27*F27,IF($C27>50,$C27*G27,"No Offer"))),"No Offer")) | I27: 3 | J27: 3 | K27: 3 | L27: =IF((0=$C27),"",IFERROR(IF($C27<10,$C27*I27,IF(AND(10<=$C27,$C27<=50),$C27*J27,IF($C27>50,$C27*K27,"No Offer"))),"No Offer")) | M27: 10.49 | N27: 10.49 | O27: 10.49 | P27: =IF((0=$C27),"",IFERROR(IF($C27<10,$C27*M27,IF(AND(10<=$C27,$C27<=50),$C27*N27,IF($C27>50,$C27*O27,"No Offer"))),"No Offer")) | Q27: 4 | R27: 4 | S27: 4 | T27: =IF((0=$C27),"",IFERROR(IF($C27<10,$C27*Q27,IF(AND(10<=$C27,$C27<=50),$C27*R27,IF($C27>50,$C27*S27,"No Offer"))),"No Offer")) | U27: 9 | V27: 7.8 | W27: 7.2 | X27: =IF((0=$C27),"",IFERROR(IF($C27<10,$C27*U27,IF(AND(10<=$C27,$C27<=50),$C27*V27,IF($C27>50,$C27*W27,"No Offer"))),"No Offer")) | Y27: No Offer | Z27: No Offer | AA27: No Offer | AB27: =IF((0=$C27),"",IFERROR(IF($C27<10,$C27*Y27,IF(AND(10<=$C27,$C27<=50),$C27*Z27,IF($C27>50,$C27*AA27,"No Offer"))),"No Offer"))
C28: ='Series 200 Input'!J28 -> 0
A29: 2/017 | B29: Take up or down and remove to tip off site natural stone slab paving 60mm thick | C29: ='Series 200 Input'!J29 -> 0 | D29: m2 | E29: 43.15 | F29: 11.87 | G29: 11.87 | H29: =IF((0=$C29),"",IFERROR(IF($C29<10,$C29*E29,IF(AND(10<=$C29,$C29<=50),$C29*F29,IF($C29>50,$C29*G29,"No Offer"))),"No Offer")) | I29: 3 | J29: 3 | K29: 3 | L29: =IF((0=$C29),"",IFERROR(IF($C29<10,$C29*I29,IF(AND(10<=$C29,$C29<=50),$C29*J29,IF($C29>50,$C29*K29,"No Offer"))),"No Offer")) | M29: 10.76 | N29: 10.76 | O29: 10.76 | P29: =IF((0=$C29),"",IFERROR(IF($C29<10,$C29*M29,IF(AND(10<=$C29,$C29<=50),$C29*N29,IF($C29>50,$C29*O29,"No Offer"))),"No Offer")) | Q29: 4 | R29: 4 | S29: 4 | T29: =IF((0=$C29),"",IFERROR(IF($C29<10,$C29*Q29,IF(AND(10<=$C29,$C29<=50),$C29*R29,IF($C29>50,$C29*S29,"No Offer"))),"No Offer")) | U29: 9.5 | V29: 7.85 | W29: 7.4 | X29: =IF((0=$C29),"",IFERROR(IF($C29<10,$C29*U29,IF(AND(10<=$C29,$C29<=50),$C29*V29,IF($C29>50,$C29*W29,"No Offer"))),"No Offer")) | Y29: No Offer | Z29: No Offer | AA29: No Offer | AB29: =IF((0=$C29),"",IFERROR(IF($C29<10,$C29*Y29,IF(AND(10<=$C29,$C29<=50),$C29*Z29,IF($C29>50,$C29*AA29,"No Offer"))),"No Offer"))
C30: ='Series 200 Input'!J30 -> 0
A31: 2/018 | B31: Take up or down and remove to tip off site natural stone slab paving 70mm thick | C31: ='Series 200 Input'!J31 -> 0 | D31: m2 | E31: 57.46 | F31: 28.56 | G31: 28.56 | H31: =IF((0=$C31),"",IFERROR(IF($C31<10,$C31*E31,IF(AND(10<=$C31,$C31<=50),$C31*F31,IF($C31>50,$C31*G31,"No Offer"))),"No Offer")) | I31: 3 | J31: 3 | K31: 3 | L31: =IF((0=$C31),"",IFERROR(IF($C31<10,$C31*I31,IF(AND(10<=$C31,$C31<=50),$C31*J31,IF($C31>50,$C31*K31,"No Offer"))),"No Offer")) | M31: 11.02 | N31: 11.02 | O31: 11.02 | P31: =IF((0=$C31),"",IFERROR(IF($C31<10,$C31*M31,IF(AND(10<=$C31,$C31<=50),$C31*N31,IF($C31>50,$C31*O31,"No Offer"))),"No Offer")) | Q31: 4 | R31: 4 | S31: 4 | T31: =IF((0=$C31),"",IFERROR(IF($C31<10,$C31*Q31,IF(AND(10<=$C31,$C31<=50),$C31*R31,IF($C31>50,$C31*S31,"No Offer"))),"No Offer")) | U31: 10 | V31: 7.91 | W31: 7.68 | X31: =IF((0=$C31),"",IFERROR(IF($C31<10,$C31*U31,IF(AND(10<=$C31,$C31<=50),$C31*V31,IF($C31>50,$C31*W31,"No Offer"))),"No Offer")) | Y31: No Offer | Z31: No Offer | AA31: No Offer | AB31: =IF((0=$C31),"",IFERROR(IF($C31<10,$C31*Y31,IF(AND(10<=$C31,$C31<=50),$C31*Z31,IF($C31>50,$C31*AA31,"No Offer"))),"No Offer"))
C32: ='Series 200 Input'!J32 -> 0
B33: Block Paving / Setts | C33: ='Series 200 Input'!J33 -> 0 | E33: < 10 | F33: 10 - 50 | G33: > 50 | I33: < 10 | J33: 10 - 50 | K33: > 50 | M33: < 10 | N33: 10 - 50 | O33: > 50 | Q33: < 10 | R33: 10 - 50 | S33: > 50 | U33: < 10 | V33: 10 - 50 | W33: > 50 | Y33: < 10 | Z33: 10 - 50 | AA33: > 50
C34: ='Series 200 Input'!J34 -> 0
A35: 2/020 | B35: Take up or down and remove to tip off site block paving 50mm thick | C35: ='Series 200 Input'!J35 -> 0 | D35: m2 | E35: 43.15 | F35: 7.13 | G35: 4.45 | H35: =IF((0=$C35),"",IFERROR(IF($C35<10,$C35*E35,IF(AND(10<=$C35,$C35<=50),$C35*F35,IF($C35>50,$C35*G35,"No Offer"))),"No Offer")) | I35: 3 | J35: 3 | K35: 3 | L35: =IF((0=$C35),"",IFERROR(IF($C35<10,$C35*I35,IF(AND(10<=$C35,$C35<=50),$C35*J35,IF($C35>50,$C35*K35,"No Offer"))),"No Offer")) | M35: 7.45 | N35: 7.45 | O35: 7.45 | P35: =IF((0=$C35),"",IFERROR(IF($C35<10,$C35*M35,IF(AND(10<=$C35,$C35<=50),$C35*N35,IF($C35>50,$C35*O35,"No Offer"))),"No Offer")) | Q35: 6 | R35: 6 | S35: 6 | T35: =IF((0=$C35),"",IFERROR(IF($C35<10,$C35*Q35,IF(AND(10<=$C35,$C35<=50),$C35*R35,IF($C35>50,$C35*S35,"No Offer"))),"No Offer")) | U35: 9.5 | V35: 7.38 | W35: 7.2 | X35: =IF((0=$C35),"",IFERROR(IF($C35<10,$C35*U35,IF(AND(10<=$C35,$C35<=50),$C35*V35,IF($C35>50,$C35*W35,"No Offer"))),"No Offer")) | Y35: No Offer | Z35: No Offer | AA35: No Offer | AB35: =IF((0=$C35),"",IFERROR(IF($C35<10,$C35*Y35,IF(AND(10<=$C35,$C35<=50),$C35*Z35,IF($C35>50,$C35*AA35,"No Offer"))),"No Offer"))
C36: ='Series 200 Input'!J36 -> 0
A37: 2/021 | B37: Take up or down and remove to tip off site block paving 60mm thick | C37: ='Series 200 Input'!J37 -> 0 | D37: m2 | E37: 43.15 | F37: 7.13 | G37: 4.45 | H37: =IF((0=$C37),"",IFERROR(IF($C37<10,$C37*E37,IF(AND(10<=$C37,$C37<=50),$C37*F37,IF($C37>50,$C37*G37,"No Offer"))),"No Offer")) | I37: 3 | J37: 3 | K37: 3 | L37: =IF((0=$C37),"",IFERROR(IF($C37<10,$C37*I37,IF(AND(10<=$C37,$C37<=50),$C37*J37,IF($C37>50,$C37*K37,"No Offer"))),"No Offer")) | M37: 7.71 | N37: 7.71 | O37: 7.71 | P37: =IF((0=$C37),"",IFERROR(IF($C37<10,$C37*M37,IF(AND(10<=$C37,$C37<=50),$C37*N37,IF($C37>50,$C37*O37,"No Offer"))),"No Offer")) | Q37: 6 | R37: 6 | S37: 6 | T37: =IF((0=$C37),"",IFERROR(IF($C37<10,$C37*Q37,IF(AND(10<=$C37,$C37<=50),$C37*R37,IF($C37>50,$C37*S37,"No Offer"))),"No Offer")) | U37: 9.6 | V37: 7.68 | W37: 7.5 | X37: =IF((0=$C37),"",IFERROR(IF($C37<10,$C37*U37,IF(AND(10<=$C37,$C37<=50),$C37*V37,IF($C37>50,$C37*W37,"No Offer"))),"No Offer")) | Y37: No Offer | Z37: No Offer | AA37: No Offer | AB37: =IF((0=$C37),"",IFERROR(IF($C37<10,$C37*Y37,IF(AND(10<=$C37,$C37<=50),$C37*Z37,IF($C37>50,$C37*AA37,"No Offer"))),"No Offer"))
C38: ='Series 200 Input'!J38 -> 0
A39: 2/022 | B39: Take up or down and remove to tip off site block paving 65mm thick | C39: ='Series 200 Input'!J39 -> 0 | D39: m2 | E39: 43.15 | F39: 7.13 | G39: 4.45 | H39: =IF((0=$C39),"",IFERROR(IF($C39<10,$C39*E39,IF(AND(10<=$C39,$C39<=50),$C39*F39,IF($C39>50,$C39*G39,"No Offer"))),"No Offer")) | I39: 3 | J39: 3 | K39: 3 | L39: =IF((0=$C39),"",IFERROR(IF($C39<10,$C39*I39,IF(AND(10<=$C39,$C39<=50),$C39*J39,IF($C39>50,$C39*K39,"No Offer"))),"No Offer")) | M39: 7.85 | N39: 7.85 | O39: 7.85 | P39: =IF((0=$C39),"",IFERROR(IF($C39<10,$C39*M39,IF(AND(10<=$C39,$C39<=50),$C39*N39,IF($C39>50,$C39*O39,"No Offer"))),"No Offer")) | Q39: 6 | R39: 6 | S39: 6 | T39: =IF((0=$C39),"",IFERROR(IF($C39<10,$C39*Q39,IF(AND(10<=$C39,$C39<=50),$C39*R39,IF($C39>50,$C39*S39,"No Offer"))),"No Offer")) | U39: 9.75 | V39: 7.83 | W39: 7.65 | X39: =IF((0=$C39),"",IFERROR(IF($C39<10,$C39*U39,IF(AND(10<=$C39,$C39<=50),$C39*V39,IF($C39>50,$C39*W39,"No Offer"))),"No Offer")) | Y39: No Offer | Z39: No Offer | AA39: No Offer | AB39: =IF((0=$C39),"",IFERROR(IF($C39<10,$C39*Y39,IF(AND(10<=$C39,$C39<=50),$C39*Z39,IF($C39>50,$C39*AA39,"No Offer"))),"No Offer"))
C40: ='Series 200 Input'!J40 -> 0
A41: 2/023 | B41: Take up or down and remove to tip off site block paving 80mm thick | C41: ='Series 200 Input'!J41 -> 0 | D41: m2 | E41: 43.15 | F41: 7.13 | G41: 5.34 | H41: =IF((0=$C41),"",IFERROR(IF($C41<10,$C41*E41,IF(AND(10<=$C41,$C41<=50),$C41*F41,IF($C41>50,$C41*G41,"No Offer"))),"No Offer")) | I41: 3 | J41: 3 | K41: 3 | L41: =IF((0=$C41),"",IFERROR(IF($C41<10,$C41*I41,IF(AND(10<=$C41,$C41<=50),$C41*J41,IF($C41>50,$C41*K41,"No Offer"))),"No Offer")) | M41: 8.25 | N41: 8.25 | O41: 8.25 | P41: =IF((0=$C41),"",IFERROR(IF($C41<10,$C41*M41,IF(AND(10<=$C41,$C41<=50),$C41*N41,IF($C41>50,$C41*O41,"No Offer"))),"No Offer")) | Q41: 6 | R41: 6 | S41: 6 | T41: =IF((0=$C41),"",IFERROR(IF($C41<10,$C41*Q41,IF(AND(10<=$C41,$C41<=50),$C41*R41,IF($C41>50,$C41*S41,"No Offer"))),"No Offer")) | U41: 10.2 | V41: 8.28 | W41: 8.1 | X41: =IF((0=$C41),"",IFERROR(IF($C41<10,$C41*U41,IF(AND(10<=$C41,$C41<=50),$C41*V41,IF($C41>50,$C41*W41,"No Offer"))),"No Offer")) | Y41: No Offer | Z41: No Offer | AA41: No Offer | AB41: =IF((0=$C41),"",IFERROR(IF($C41<10,$C41*Y41,IF(AND(10<=$C41,$C41<=50),$C41*Z41,IF($C41>50,$C41*AA41,"No Offer"))),"No Offer"))
C42: ='Series 200 Input'!J42 -> 0
A43: 2/024 | B43: Take up or down and remove to tip off site block paving 100mm thick | C43: ='Series 200 Input'!J43 -> 0 | D43: m2 | E43: 43.15 | F43: 7.13 | G43: 5.34 | H43: =IF((0=$C43),"",IFERROR(IF($C43<10,$C43*E43,IF(AND(10<=$C43,$C43<=50),$C43*F43,IF($C43>50,$C43*G43,"No Offer"))),"No Offer")) | I43: 3 | J43: 3 | K43: 3 | L43: =IF((0=$C43),"",IFERROR(IF($C43<10,$C43*I43,IF(AND(10<=$C43,$C43<=50),$C43*J43,IF($C43>50,$C43*K43,"No Offer"))),"No Offer")) | M43: 8.78 | N43: 8.78 | O43: 8.78 | P43: =IF((0=$C43),"",IFERROR(IF($C43<10,$C43*M43,IF(AND(10<=$C43,$C43<=50),$C43*N43,IF($C43>50,$C43*O43,"No Offer"))),"No Offer")) | Q43: 6 | R43: 6 | S43: 6 | T43: =IF((0=$C43),"",IFERROR(IF($C43<10,$C43*Q43,IF(AND(10<=$C43,$C43<=50),$C43*R43,IF($C43>50,$C43*S43,"No Offer"))),"No Offer")) | U43: 10.8 | V43: 8.88 | W43: 8.7 | X43: =IF((0=$C43),"",IFERROR(IF($C43<10,$C43*U43,IF(AND(10<=$C43,$C43<=50),$C43*V43,IF($C43>50,$C43*W43,"No Offer"))),"No Offer")) | Y43: No Offer | Z43: No Offer | AA43: No Offer | AB43: =IF((0=$C43),"",IFERROR(IF($C43<10,$C43*Y43,IF(AND(10<=$C43,$C43<=50),$C43*Z43,IF($C43>50,$C43*AA43,"No Offer"))),"No Offer"))
C44: ='Series 200 Input'!J44 -> 0
A45: 2/025 | B45: Take up or down and remove to tip off site natural stone block paving setts 50mm thick | C45: ='Series 200 Input'!J45 -> 0 | D45: m2 | E45: 43.15 | F45: 7.13 | G45: 5.34 | H45: =IF((0=$C45),"",IFERROR(IF($C45<10,$C45*E45,IF(AND(10<=$C45,$C45<=50),$C45*F45,IF($C45>50,$C45*G45,"No Offer"))),"No Offer")) | I45: 3 | J45: 3 | K45: 3 | L45: =IF((0=$C45),"",IFERROR(IF($C45<10,$C45*I45,IF(AND(10<=$C45,$C45<=50),$C45*J45,IF($C45>50,$C45*K45,"No Offer"))),"No Offer")) | M45: 7.45 | N45: 7.45 | O45: 7.45 | P45: =IF((0=$C45),"",IFERROR(IF($C45<10,$C45*M45,IF(AND(10<=$C45,$C45<=50),$C45*N45,IF($C45>50,$C45*O45,"No Offer"))),"No Offer")) | Q45: 8 | R45: 8 | S45: 8 | T45: =IF((0=$C45),"",IFERROR(IF($C45<10,$C45*Q45,IF(AND(10<=$C45,$C45<=50),$C45*R45,IF($C45>50,$C45*S45,"No Offer"))),"No Offer")) | U45: 10 | V45: 8.5 | W45: 7.75 | X45: =IF((0=$C45),"",IFERROR(IF($C45<10,$C45*U45,IF(AND(10<=$C45,$C45<=50),$C45*V45,IF($C45>50,$C45*W45,"No Offer"))),"No Offer")) | Y45: No Offer | Z45: No Offer | AA45: No Offer | AB45: =IF((0=$C45),"",IFERROR(IF($C45<10,$C45*Y45,IF(AND(10<=$C45,$C45<=50),$C45*Z45,IF($C45>50,$C45*AA45,"No Offer"))),"No Offer"))
C46: ='Series 200 Input'!J46 -> 0
A47: 2/026 | B47: Take up or down and remove to tip off site natural stone block paving setts 60mm thick | C47: ='Series 200 Input'!J47 -> 0 | D47: m2 | E47: 43.15 | F47: 7.13 | G47: 4.45 | H47: =IF((0=$C47),"",IFERROR(IF($C47<10,$C47*E47,IF(AND(10<=$C47,$C47<=50),$C47*F47,IF($C47>50,$C47*G47,"No Offer"))),"No Offer")) | I47: 3 | J47: 3 | K47: 3 | L47: =IF((0=$C47),"",IFERROR(IF($C47<10,$C47*I47,IF(AND(10<=$C47,$C47<=50),$C47*J47,IF($C47>50,$C47*K47,"No Offer"))),"No Offer")) | M47: 7.71 | N47: 7.71 | O47: 7.71 | P47: =IF((0=$C47),"",IFERROR(IF($C47<10,$C47*M47,IF(AND(10<=$C47,$C47<=50),$C47*N47,IF($C47>50,$C47*O47,"No Offer"))),"No Offer")) | Q47: 8 | R47: 8 | S47: 8 | T47: =IF((0=$C47),"",IFERROR(IF($C47<10,$C47*Q47,IF(AND(10<=$C47,$C47<=50),$C47*R47,IF($C47>50,$C47*S47,"No Offer"))),"No Offer")) | U47: 12.5 | V47: 11 | W47: 10.5 | X47: =IF((0=$C47),"",IFERROR(IF($C47<10,$C47*U47,IF(AND(10<=$C47,$C47<=50),$C47*V47,IF($C47>50,$C47*W47,"No Offer"))),"No Offer")) | Y47: No Offer | Z47: No Offer | AA47: No Offer | AB47: =IF((0=$C47),"",IFERROR(IF($C47<10,$C47*Y47,IF(AND(10<=$C47,$C47<=50),$C47*Z47,IF($C47>50,$C47*AA47,"No Offer"))),"No Offer"))
C48: ='Series 200 Input'!J48 -> 0
A49: 2/027 | B49: Take up or down and remove to tip off site natural stone block paving setts 80mm thick | C49: ='Series 200 Input'!J49 -> 0 | D49: m2 | E49: 43.15 | F49: 7.13 | G49: 5.34 | H49: =IF((0=$C49),"",IFERROR(IF($C49<10,$C49*E49,IF(AND(10<=$C49,$C49<=50),$C49*F49,IF($C49>50,$C49*G49,"No Offer"))),"No Offer")) | I49: 3 | J49: 3 | K49: 3 | L49: =IF((0=$C49),"",IFERROR(IF($C49<10,$C49*I49,IF(AND(10<=$C49,$C49<=50),$C49*J49,IF($C49>50,$C49*K49,"No Offer"))),"No Offer")) | M49: 8.25 | N49: 8.25 | O49: 8.25 | P49: =IF((0=$C49),"",IFERROR(IF($C49<10,$C49*M49,IF(AND(10<=$C49,$C49<=50),$C49*N49,IF($C49>50,$C49*O49,"No Offer"))),"No Offer")) | Q49: 8 | R49: 8 | S49: 8 | T49: =IF((0=$C49),"",IFERROR(IF($C49<10,$C49*Q49,IF(AND(10<=$C49,$C49<=50),$C49*R49,IF($C49>50,$C49*S49,"No Offer"))),"No Offer")) | U49: 20 | V49: 18.5 | W49: 17.5 | X49: =IF((0=$C49),"",IFERROR(IF($C49<10,$C49*U49,IF(AND(10<=$C49,$C49<=50),$C49*V49,IF($C49>50,$C49*W49,"No Offer"))),"No Offer")) | Y49: No Offer | Z49: No Offer | AA49: No Offer | AB49: =IF((0=$C49),"",IFERROR(IF($C49<10,$C49*Y49,IF(AND(10<=$C49,$C49<=50),$C49*Z49,IF($C49>50,$C49*AA49,"No Offer"))),"No Offer"))
C50: ='Series 200 Input'!J50 -> 0
A51: 2/028 | B51: Take up or down and remove to tip off site natural stone block paving setts 100mm thick | C51: ='Series 200 Input'!J51 -> 0 | D51: m2 | E51: 43.15 | F51: 7.13 | G51: 4.45 | H51: =IF((0=$C51),"",IFERROR(IF($C51<10,$C51*E51,IF(AND(10<=$C51,$C51<=50),$C51*F51,IF($C51>50,$C51*G51,"No Offer"))),"No Offer")) | I51: 3 | J51: 3 | K51: 3 | L51: =IF((0=$C51),"",IFERROR(IF($C51<10,$C51*I51,IF(AND(10<=$C51,$C51<=50),$C51*J51,IF($C51>50,$C51*K51,"No Offer"))),"No Offer")) | M51: 8.78 | N51: 8.78 | O51: 8.78 | P51: =IF((0=$C51),"",IFERROR(IF($C51<10,$C51*M51,IF(AND(10<=$C51,$C51<=50),$C51*N51,IF($C51>50,$C51*O51,"No Offer"))),"No Offer")) | Q51: 8 | R51: 8 | S51: 8 | T51: =IF((0=$C51),"",IFERROR(IF($C51<10,$C51*Q51,IF(AND(10<=$C51,$C51<=50),$C51*R51,IF($C51>50,$C51*S51,"No Offer"))),"No Offer")) | U51: 25 | V51: 20.5 | W51: 19.5 | X51: =IF((0=$C51),"",IFERROR(IF($C51<10,$C51*U51,IF(AND(10<=$C51,$C51<=50),$C51*V51,IF($C51>50,$C51*W51,"No Offer"))),"No Offer")) | Y51: No Offer | Z51: No Offer | AA51: No Offer | AB51: =IF((0=$C51),"",IFERROR(IF($C51<10,$C51*Y51,IF(AND(10<=$C51,$C51<=50),$C51*Z51,IF($C51>50,$C51*AA51,"No Offer"))),"No Offer"))
C52: ='Series 200 Input'!J52 -> 0
A53: 2/029 | B53: Take up or down and remove to tip off site natural stone block paving setts 150mm thick | C53: ='Series 200 Input'!J53 -> 0 | D53: m2 | E53: 43.15 | F53: 7.13 | G53: 7.13 | H53: =IF((0=$C53),"",IFERROR(IF($C53<10,$C53*E53,IF(AND(10<=$C53,$C53<=50),$C53*F53,IF($C53>50,$C53*G53,"No Offer"))),"No Offer")) | I53: 3 | J53: 3 | K53: 3 | L53: =IF((0=$C53),"",IFERROR(IF($C53<10,$C53*I53,IF(AND(10<=$C53,$C53<=50),$C53*J53,IF($C53>50,$C53*K53,"No Offer"))),"No Offer")) | M53: 10.11 | N53: 10.11 | O53: 10.11 | P53: =IF((0=$C53),"",IFERROR(IF($C53<10,$C53*M53,IF(AND(10<=$C53,$C53<=50),$C53*N53,IF($C53>50,$C53*O53,"No Offer"))),"No Offer")) | Q53: 8 | R53: 8 | S53: 8 | T53: =IF((0=$C53),"",IFERROR(IF($C53<10,$C53*Q53,IF(AND(10<=$C53,$C53<=50),$C53*R53,IF($C53>50,$C53*S53,"No Offer"))),"No Offer")) | U53: 30 | V53: 24 | W53: 23.4 | X53: =IF((0=$C53),"",IFERROR(IF($C53<10,$C53*U53,IF(AND(10<=$C53,$C53<=50),$C53*V53,IF($C53>50,$C53*W53,"No Offer"))),"No Offer")) | Y53: No Offer | Z53: No Offer | AA53: No Offer | AB53: =IF((0=$C53),"",IFERROR(IF($C53<10,$C53*Y53,IF(AND(10<=$C53,$C53<=50),$C53*Z53,IF($C53>50,$C53*AA53,"No Offer"))),"No Offer"))
C54: ='Series 200 Input'!J54 -> 0
A55: 2/030 | B55: Take up or down and remove to tip off site natural stone block paving sett 200mm thick | C55: ='Series 200 Input'!J55 -> 0 | D55: m2 | E55: 43.15 | F55: 7.13 | G55: 7.13 | H55: =IF((0=$C55),"",IFERROR(IF($C55<10,$C55*E55,IF(AND(10<=$C55,$C55<=50),$C55*F55,IF($C55>50,$C55*G55,"No Offer"))),"No Offer")) | I55: 3 | J55: 3 | K55: 3 | L55: =IF((0=$C55),"",IFERROR(IF($C55<10,$C55*I55,IF(AND(10<=$C55,$C55<=50),$C55*J55,IF($C55>50,$C55*K55,"No Offer"))),"No Offer")) | M55: 11.44 | N55: 11.44 | O55: 11.44 | P55: =IF((0=$C55),"",IFERROR(IF($C55<10,$C55*M55,IF(AND(10<=$C55,$C55<=50),$C55*N55,IF($C55>50,$C55*O55,"No Offer"))),"No Offer")) | Q55: 8 | R55: 8 | S55: 8 | T55: =IF((0=$C55),"",IFERROR(IF($C55<10,$C55*Q55,IF(AND(10<=$C55,$C55<=50),$C55*R55,IF($C55>50,$C55*S55,"No Offer"))),"No Offer")) | U55: 40 | V55: 32 | W55: 31.2 | X55: =IF((0=$C55),"",IFERROR(IF($C55<10,$C55*U55,IF(AND(10<=$C55,$C55<=50),$C55*V55,IF($C55>50,$C55*W55,"No Offer"))),"No Offer")) | Y55: No Offer | Z55: No Offer | AA55: No Offer | AB55: =IF((0=$C55),"",IFERROR(IF($C55<10,$C55*Y55,IF(AND(10<=$C55,$C55<=50),$C55*Z55,IF($C55>50,$C55*AA55,"No Offer"))),"No Offer"))
C56: ='Series 200 Input'!J56 -> 0
B57: Grass/Concrete Paving | C57: ='Series 200 Input'!J57 -> 0 | H57: =IF((0=$C57),"",IFERROR(IF($C57<10,$C57*E57,IF(AND(10<=$C57,$C57<=50),$C57*F57,IF($C57>50,$C57*G57,"No Offer"))),"No Offer")) | L57: =IF((0=$C57),"",IFERROR(IF($C57<10,$C57*I57,IF(AND(10<=$C57,$C57<=50),$C57*J57,IF($C57>50,$C57*K57,"No Offer"))),"No Offer")) | P57: =IF((0=$C57),"",IFERROR(IF($C57<10,$C57*M57,IF(AND(10<=$C57,$C57<=50),$C57*N57,IF($C57>50,$C57*O57,"No Offer"))),"No Offer")) | T57: =IF((0=$C57),"",IFERROR(IF($C57<10,$C57*Q57,IF(AND(10<=$C57,$C57<=50),$C57*R57,IF($C57>50,$C57*S57,"No Offer"))),"No Offer")) | X57: =IF((0=$C57),"",IFERROR(IF($C57<10,$C57*U57,IF(AND(10<=$C57,$C57<=50),$C57*V57,IF($C57>50,$C57*W57,"No Offer"))),"No Offer")) | AB57: =IF((0=$C57),"",IFERROR(IF($C57<10,$C57*Y57,IF(AND(10<=$C57,$C57<=50),$C57*Z57,IF($C57>50,$C57*AA57,"No Offer"))),"No Offer"))
C58: ='Series 200 Input'!J58 -> 0 | E58: < 10 | F58: 10 - 50 | G58: > 50 | I58: < 10 | J58: 10 - 50 | K58: > 50 | M58: < 10 | N58: 10 - 50 | O58: > 50 | Q58: < 10 | R58: 10 - 50 | S58: > 50 | U58: < 10 | V58: 10 - 50 | W58: > 50 | Y58: < 10 | Z58: 10 - 50 | AA58: > 50
A59: 2/040 | B59: Take up or down and remove to tip off site grass/concrete paving 100mm thick | C59: ='Series 200 Input'!J59 -> 0 | D59: m2 | E59: 43.15 | F59: 10.68 | G59: 10.68 | H59: =IF((0=$C59),"",IFERROR(IF($C59<10,$C59*E59,IF(AND(10<=$C59,$C59<=50),$C59*F59,IF($C59>50,$C59*G59,"No Offer"))),"No Offer")) | I59: 3 | J59: 3 | K59: 3 | L59: =IF((0=$C59),"",IFERROR(IF($C59<10,$C59*I59,IF(AND(10<=$C59,$C59<=50),$C59*J59,IF($C59>50,$C59*K59,"No Offer"))),"No Offer")) | M59: 10.06 | N59: 10.06 | O59: 10.06 | P59: =IF((0=$C59),"",IFERROR(IF($C59<10,$C59*M59,IF(AND(10<=$C59,$C59<=50),$C59*N59,IF($C59>50,$C59*O59,"No Offer"))),"No Offer")) | Q59: 6 | R59: 6 | S59: 6 | T59: =IF((0=$C59),"",IFERROR(IF($C59<10,$C59*Q59,IF(AND(10<=$C59,$C59<=50),$C59*R59,IF($C59>50,$C59*S59,"No Offer"))),"No Offer")) | U59: 12 | V59: 11.4 | W59: 10.2 | X59: =IF((0=$C59),"",IFERROR(IF($C59<10,$C59*U59,IF(AND(10<=$C59,$C59<=50),$C59*V59,IF($C59>50,$C59*W59,"No Offer"))),"No Offer")) | Y59: No Offer | Z59: No Offer | AA59: No Offer | AB59: =IF((0=$C59),"",IFERROR(IF($C59<10,$C59*Y59,IF(AND(10<=$C59,$C59<=50),$C59*Z59,IF($C59>50,$C59*AA59,"No Offer"))),"No Offer"))
C60: ='Series 200 Input'!J60 -> 0
A61: 2/041 | B61: Take up or down and remove to tip off site grass/concrete paving 120mm thick | C61: ='Series 200 Input'!J61 -> 0 | D61: m2 | E61: 43.15 | F61: 10.68 | G61: 10.68 | H61: =IF((0=$C61),"",IFERROR(IF($C61<10,$C61*E61,IF(AND(10<=$C61,$C61<=50),$C61*F61,IF($C61>50,$C61*G61,"No Offer"))),"No Offer")) | I61: 3 | J61: 3 | K61: 3 | L61: =IF((0=$C61),"",IFERROR(IF($C61<10,$C61*I61,IF(AND(10<=$C61,$C61<=50),$C61*J61,IF($C61>50,$C61*K61,"No Offer"))),"No Offer")) | M61: 10.49 | N61: 10.49 | O61: 10.49 | P61: =IF((0=$C61),"",IFERROR(IF($C61<10,$C61*M61,IF(AND(10<=$C61,$C61<=50),$C61*N61,IF($C61>50,$C61*O61,"No Offer"))),"No Offer")) | Q61: 6 | R61: 6 | S61: 6 | T61: =IF((0=$C61),"",IFERROR(IF($C61<10,$C61*Q61,IF(AND(10<=$C61,$C61<=50),$C61*R61,IF($C61>50,$C61*S61,"No Offer"))),"No Offer")) | U61: 13.5 | V61: 12.9 | W61: 11.7 | X61: =IF((0=$C61),"",IFERROR(IF($C61<10,$C61*U61,IF(AND(10<=$C61,$C61<=50),$C61*V61,IF($C61>50,$C61*W61,"No Offer"))),"No Offer")) | Y61: No Offer | Z61: No Offer | AA61: No Offer | AB61: =IF((0=$C61),"",IFERROR(IF($C61<10,$C61*Y61,IF(AND(10<=$C61,$C61<=50),$C61*Z61,IF($C61>50,$C61*AA61,"No Offer"))),"No Offer"))
C62: ='Series 200 Input'!J62 -> 0
B63: Kerbing | C63: ='Series 200 Input'!J63 -> 0 | E63: < 10 | F63: 10 - 50 | G63: > 50 | I63: < 10 | J63: 10 - 50 | K63: > 50 | M63: < 10 | N63: 10 - 50 | O63: > 50 | Q63: < 10 | R63: 10 - 50 | S63: > 50 | U63: < 10 | V63: 10 - 50 | W63: > 50 | Y63: < 10 | Z63: 10 - 50 | AA63: > 50
C64: ='Series 200 Input'!J64 -> 0
A65: 2/050 | B65: Take up or down and remove to tip off site precast concrete kerbs 125 x 255mm | C65: ='Series 200 Input'!J65 -> 0 | D65: m | E65: 43.15 | F65: 7.26 | G65: 6.81 | H65: =IF((0=$C65),"",IFERROR(IF($C65<10,$C65*E65,IF(AND(10<=$C65,$C65<=50),$C65*F65,IF($C65>50,$C65*G65,"No Offer"))),"No Offer")) | I65: 3 | J65: 3 | K65: 3 | L65: =IF((0=$C65),"",IFERROR(IF($C65<10,$C65*I65,IF(AND(10<=$C65,$C65<=50),$C65*J65,IF($C65>50,$C65*K65,"No Offer"))),"No Offer")) | M65: 5.76 | N65: 5.76 | O65: 5.76 | P65: =IF((0=$C65),"",IFERROR(IF($C65<10,$C65*M65,IF(AND(10<=$C65,$C65<=50),$C65*N65,IF($C65>50,$C65*O65,"No Offer"))),"No Offer")) | Q65: 4 | R65: 3 | S65: 3 | T65: =IF((0=$C65),"",IFERROR(IF($C65<10,$C65*Q65,IF(AND(10<=$C65,$C65<=50),$C65*R65,IF($C65>50,$C65*S65,"No Offer"))),"No Offer")) | U65: 9 | V65: 7.91 | W65: 7.36 | X65: =IF((0=$C65),"",IFERROR(IF($C65<10,$C65*U65,IF(AND(10<=$C65,$C65<=50),$C65*V65,IF($C65>50,$C65*W65,"No Offer"))),"No Offer")) | Y65: 15 | Z65: 8 | AA65: 5 | AB65: =IF((0=$C65),"",IFERROR(IF($C65<10,$C65*Y65,IF(AND(10<=$C65,$C65<=50),$C65*Z65,IF($C65>50,$C65*AA65,"No Offer"))),"No Offer"))
C66: ='Series 200 Input'!J66 -> 0
A67: 2/051 | B67: Take up or down and remove to tip off site precast concrete kerbs 125 x 200mm | C67: ='Series 200 Input'!J67 -> 0 | D67: m | E67: 43.15 | F67: 7.26 | G67: 6.81 | H67: =IF((0=$C67),"",IFERROR(IF($C67<10,$C67*E67,IF(AND(10<=$C67,$C67<=50),$C67*F67,IF($C67>50,$C67*G67,"No Offer"))),"No Offer")) | I67: 3 | J67: 3 | K67: 3 | L67: =IF((0=$C67),"",IFERROR(IF($C67<10,$C67*I67,IF(AND(10<=$C67,$C67<=50),$C67*J67,IF($C67>50,$C67*K67,"No Offer"))),"No Offer")) | M67: 5.76 | N67: 5.76 | O67: 5.76 | P67: =IF((0=$C67),"",IFERROR(IF($C67<10,$C67*M67,IF(AND(10<=$C67,$C67<=50),$C67*N67,IF($C67>50,$C67*O67,"No Offer"))),"No Offer")) | Q67: 4 | R67: 3 | S67: 3 | T67: =IF((0=$C67),"",IFERROR(IF($C67<10,$C67*Q67,IF(AND(10<=$C67,$C67<=50),$C67*R67,IF($C67>50,$C67*S67,"No Offer"))),"No Offer")) | U67: 8.75 | V67: 7.7 | W67: 7.25 | X67: =IF((0=$C67),"",IFERROR(IF($C67<10,$C67*U67,IF(AND(10<=$C67,$C67<=50),$C67*V67,IF($C67>50,$C67*W67,"No Offer"))),"No Offer")) | Y67: 15 | Z67: 8 | AA67: 5 | AB67: =IF((0=$C67),"",IFERROR(IF($C67<10,$C67*Y67,IF(AND(10<=$C67,$C67<=50),$C67*Z67,IF($C67>50,$C67*AA67,"No Offer"))),"No Offer"))
C68: ='Series 200 Input'!J68 -> 0
A69: 2/052 | B69: Take up or down and remove to tip off site precast concrete kerbs 125mm x 150mm | C69: ='Series 200 Input'!J69 -> 0 | D69: m | E69: 43.15 | F69: 7.26 | G69: 5.45 | H69: =IF((0=$C69),"",IFERROR(IF($C69<10,$C69*E69,IF(AND(10<=$C69,$C69<=50),$C69*F69,IF($C69>50,$C69*G69,"No Offer"))),"No Offer")) | I69: 3 | J69: 3 | K69: 3 | L69: =IF((0=$C69),"",IFERROR(IF($C69<10,$C69*I69,IF(AND(10<=$C69,$C69<=50),$C69*J69,IF($C69>50,$C69*K69,"No Offer"))),"No Offer")) | M69: 5.76 | N69: 5.76 | O69: 5.76 | P69: =IF((0=$C69),"",IFERROR(IF($C69<10,$C69*M69,IF(AND(10<=$C69,$C69<=50),$C69*N69,IF($C69>50,$C69*O69,"No Offer"))),"No Offer")) | Q69: 4 | R69: 3 | S69: 3 | T69: =IF((0=$C69),"",IFERROR(IF($C69<10,$C69*Q69,IF(AND(10<=$C69,$C69<=50),$C69*R69,IF($C69>50,$C69*S69,"No Offer"))),"No Offer")) | U69: 8.5 | V69: 7.45 | W69: 6.95 | X69: =IF((0=$C69),"",IFERROR(IF($C69<10,$C69*U69,IF(AND(10<=$C69,$C69<=50),$C69*V69,IF($C69>50,$C69*W69,"No Offer"))),"No Offer")) | Y69: 15 | Z69: 8 | AA69: 5 | AB69: =IF((0=$C69),"",IFERROR(IF($C69<10,$C69*Y69,IF(AND(10<=$C69,$C69<=50),$C69*Z69,IF($C69>50,$C69*AA69,"No Offer"))),"No Offer"))
C70: ='Series 200 Input'!J70 -> 0
A71: 2/053 | B71: Take up or down and remove to tip off site precast concrete kerb 150mm x 305mm | C71: ='Series 200 Input'!J71 -> 0 | D71: m | E71: 43.15 | F71: 9.08 | G71: 9.08 | H71: =IF((0=$C71),"",IFERROR(IF($C71<10,$C71*E71,IF(AND(10<=$C71,$C71<=50),$C71*F71,IF($C71>50,$C71*G71,"No Offer"))),"No Offer")) | I71: 3 | J71: 3 | K71: 3 | L71: =IF((0=$C71),"",IFERROR(IF($C71<10,$C71*I71,IF(AND(10<=$C71,$C71<=50),$C71*J71,IF($C71>50,$C71*K71,"No Offer"))),"No Offer")) | M71: 5.76 | N71: 5.76 | O71: 5.76 | P71: =IF((0=$C71),"",IFERROR(IF($C71<10,$C71*M71,IF(AND(10<=$C71,$C71<=50),$C71*N71,IF($C71>50,$C71*O71,"No Offer"))),"No Offer")) | Q71: 4 | R71: 3 | S71: 3 | T71: =IF((0=$C71),"",IFERROR(IF($C71<10,$C71*Q71,IF(AND(10<=$C71,$C71<=50),$C71*R71,IF($C71>50,$C71*S71,"No Offer"))),"No Offer")) | U71: 10.5 | V71: 8.7 | W71: 8.36 | X71: =IF((0=$C71),"",IFERROR(IF($C71<10,$C71*U71,IF(AND(10<=$C71,$C71<=50),$C71*V71,IF($C71>50,$C71*W71,"No Offer"))),"No Offer")) | Y71: 15 | Z71: 8 | AA71: 5 | AB71: =IF((0=$C71),"",IFERROR(IF($C71<10,$C71*Y71,IF(AND(10<=$C71,$C71<=50),$C71*Z71,IF($C71>50,$C71*AA71,"No Offer"))),"No Offer"))
C72: ='Series 200 Input'!J72 -> 0
A73: 2/054 | B73: Take up or down and remove to tip off site natural stone kerbs 125 x 255mm | C73: ='Series 200 Input'!J73 -> 0 | D73: m | E73: 43.15 | F73: 10.89 | G73: 10.98 | H73: =IF((0=$C73),"",IFERROR(IF($C73<10,$C73*E73,IF(AND(10<=$C73,$C73<=50),$C73*F73,IF($C73>50,$C73*G73,"No Offer"))),"No Offer")) | I73: 3 | J73: 3 | K73: 3 | L73: =IF((0=$C73),"",IFERROR(IF($C73<10,$C73*I73,IF(AND(10<=$C73,$C73<=50),$C73*J73,IF($C73>50,$C73*K73,"No Offer"))),"No Offer")) | M73: 6.51 | N73: 6.51 | O73: 6.51 | P73: =IF((0=$C73),"",IFERROR(IF($C73<10,$C73*M73,IF(AND(10<=$C73,$C73<=50),$C73*N73,IF($C73>50,$C73*O73,"No Offer"))),"No Offer")) | Q73: 4 | R73: 3 | S73: 3 | T73: =IF((0=$C73),"",IFERROR(IF($C73<10,$C73*Q73,IF(AND(10<=$C73,$C73<=50),$C73*R73,IF($C73>50,$C73*S73,"No Offer"))),"No Offer")) | U73: 12 | V73: 9.49 | W73: 9.36 | X73: =IF((0=$C73),"",IFERROR(IF($C73<10,$C73*U73,IF(AND(10<=$C73,$C73<=50),$C73*V73,IF($C73>50,$C73*W73,"No Offer"))),"No Offer")) | Y73: 15 | Z73: 8 | AA73: 5 | AB73: =IF((0=$C73),"",IFERROR(IF($C73<10,$C73*Y73,IF(AND(10<=$C73,$C73<=50),$C73*Z73,IF($C73>50,$C73*AA73,"No Offer"))),"No Offer"))
C74: ='Series 200 Input'!J74 -> 0
A75: 2/055 | B75: Take up or down and remove to tip off site natural stone kerbs 125 x 200mm | C75: ='Series 200 Input'!J75 -> 0 | D75: m | E75: 43.15 | F75: 10.89 | G75: 10.98 | H75: =IF((0=$C75),"",IFERROR(IF($C75<10,$C75*E75,IF(AND(10<=$C75,$C75<=50),$C75*F75,IF($C75>50,$C75*G75,"No Offer"))),"No Offer")) | I75: 3 | J75: 3 | K75: 3 | L75: =IF((0=$C75),"",IFERROR(IF($C75<10,$C75*I75,IF(AND(10<=$C75,$C75<=50),$C75*J75,IF($C75>50,$C75*K75,"No Offer"))),"No Offer")) | M75: 6.51 | N75: 6.51 | O75: 6.51 | P75: =IF((0=$C75),"",IFERROR(IF($C75<10,$C75*M75,IF(AND(10<=$C75,$C75<=50),$C75*N75,IF($C75>50,$C75*O75,"No Offer"))),"No Offer")) | Q75: 4 | R75: 3 | S75: 3 | T75: =IF((0=$C75),"",IFERROR(IF($C75<10,$C75*Q75,IF(AND(10<=$C75,$C75<=50),$C75*R75,IF($C75>50,$C75*S75,"No Offer"))),"No Offer")) | U75: 10.5 | V75: 8.7 | W75: 8.36 | X75: =IF((0=$C75),"",IFERROR(IF($C75<10,$C75*U75,IF(AND(10<=$C75,$C75<=50),$C75*V75,IF($C75>50,$C75*W75,"No Offer"))),"No Offer")) | Y75: 15 | Z75: 8 | AA75: 5 | AB75: =IF((0=$C75),"",IFERROR(IF($C75<10,$C75*Y75,IF(AND(10<=$C75,$C75<=50),$C75*Z75,IF($C75>50,$C75*AA75,"No Offer"))),"No Offer"))
C76: ='Series 200 Input'!J76 -> 0
A77: 2/056 | B77: Take up or down and remove to tip off site natural stone kerbs 125mm x 150mm | C77: ='Series 200 Input'!J77 -> 0 | D77: m | E77: 43.15 | F77: 9.08 | G77: 9.08 | H77: =IF((0=$C77),"",IFERROR(IF($C77<10,$C77*E77,IF(AND(10<=$C77,$C77<=50),$C77*F77,IF($C77>50,$C77*G77,"No Offer"))),"No Offer")) | I77: 3 | J77: 3 | K77: 3 | L77: =IF((0=$C77),"",IFERROR(IF($C77<10,$C77*I77,IF(AND(10<=$C77,$C77<=50),$C77*J77,IF($C77>50,$C77*K77,"No Offer"))),"No Offer")) | M77: 6.51 | N77: 6.51 | O77: 6.51 | P77: =IF((0=$C77),"",IFERROR(IF($C77<10,$C77*M77,IF(AND(10<=$C77,$C77<=50),$C77*N77,IF($C77>50,$C77*O77,"No Offer"))),"No Offer")) | Q77: 4 | R77: 3 | S77: 3 | T77: =IF((0=$C77),"",IFERROR(IF($C77<10,$C77*Q77,IF(AND(10<=$C77,$C77<=50),$C77*R77,IF($C77>50,$C77*S77,"No Offer"))),"No Offer")) | U77: 9 | V77: 7.91 | W77: 7.36 | X77: =IF((0=$C77),"",IFERROR(IF($C77<10,$C77*U77,IF(AND(10<=$C77,$C77<=50),$C77*V77,IF($C77>50,$C77*W77,"No Offer"))),"No Offer")) | Y77: 15 | Z77: 8 | AA77: 5 | AB77: =IF((0=$C77),"",IFERROR(IF($C77<10,$C77*Y77,IF(AND(10<=$C77,$C77<=50),$C77*Z77,IF($C77>50,$C77*AA77,"No Offer"))),"No Offer"))
C78: ='Series 200 Input'!J78 -> 0
B79: Edge Kerbing | C79: ='Series 200 Input'!J79 -> 0 | E79: < 10 | F79: 10 - 50 | G79: > 50 | I79: < 10 | J79: 10 - 50 | K79: > 50 | M79: < 10 | N79: 10 - 50 | O79: > 50 | Q79: < 10 | R79: 10 - 50 | S79: > 50 | U79: < 10 | V79: 10 - 50 | W79: > 50 | Y79: < 10 | Z79: 10 - 50 | AA79: > 50
C80: ='Series 200 Input'!J80 -> 0
A81: 2/060 | B81: Take up or down and remove to tip off site precast concrete edging 50 x 150mm | C81: ='Series 200 Input'!J81 -> 0 | D81: m | E81: 43.15 | F81: 7.26 | G81: 4.36 | H81: =IF((0=$C81),"",IFERROR(IF($C81<10,$C81*E81,IF(AND(10<=$C81,$C81<=50),$C81*F81,IF($C81>50,$C81*G81,"No Offer"))),"No Offer")) | I81: 3 | J81: 3 | K81: 3 | L81: =IF((0=$C81),"",IFERROR(IF($C81<10,$C81*I81,IF(AND(10<=$C81,$C81<=50),$C81*J81,IF($C81>50,$C81*K81,"No Offer"))),"No Offer")) | M81: 4.33 | N81: 4.33 | O81: 4.33 | P81: =IF((0=$C81),"",IFERROR(IF($C81<10,$C81*M81,IF(AND(10<=$C81,$C81<=50),$C81*N81,IF($C81>50,$C81*O81,"No Offer"))),"No Offer")) | Q81: 2.5 | R81: 2.5 | S81: 2 | T81: =IF((0=$C81),"",IFERROR(IF($C81<10,$C81*Q81,IF(AND(10<=$C81,$C81<=50),$C81*R81,IF($C81>50,$C81*S81,"No Offer"))),"No Offer")) | U81: 8.4 | V81: 7.2 | W81: 6 | X81: =IF((0=$C81),"",IFERROR(IF($C81<10,$C81*U81,IF(AND(10<=$C81,$C81<=50),$C81*V81,IF($C81>50,$C81*W81,"No Offer"))),"No Offer")) | Y81: 15 | Z81: 8 | AA81: 5 | AB81: =IF((0=$C81),"",IFERROR(IF($C81<10,$C81*Y81,IF(AND(10<=$C81,$C81<=50),$C81*Z81,IF($C81>50,$C81*AA81,"No Offer"))),"No Offer"))
C82: ='Series 200 Input'!J82 -> 0
A83: 2/061 | B83: Take up or down and remove to tip off site precast concrete edging 75 x 225mm | C83: ='Series 200 Input'!J83 -> 0 | D83: m | E83: 42.15 | F83: 7.26 | G83: 5.45 | H83: =IF((0=$C83),"",IFERROR(IF($C83<10,$C83*E83,IF(AND(10<=$C83,$C83<=50),$C83*F83,IF($C83>50,$C83*G83,"No Offer"))),"No Offer")) | I83: 3 | J83: 3 | K83: 3 | L83: =IF((0=$C83),"",IFERROR(IF($C83<10,$C83*I83,IF(AND(10<=$C83,$C83<=50),$C83*J83,IF($C83>50,$C83*K83,"No Offer"))),"No Offer")) | M83: 4.33 | N83: 4.33 | O83: 4.33 | P83: =IF((0=$C83),"",IFERROR(IF($C83<10,$C83*M83,IF(AND(10<=$C83,$C83<=50),$C83*N83,IF($C83>50,$C83*O83,"No Offer"))),"No Offer")) | Q83: 2.5 | R83: 2.5 | S83: 2 | T83: =IF((0=$C83),"",IFERROR(IF($C83<10,$C83*Q83,IF(AND(10<=$C83,$C83<=50),$C83*R83,IF($C83>50,$C83*S83,"No Offer"))),"No Offer")) | U83: 8.75 | V83: 7.65 | W83: 7.11 | X83: =IF((0=$C83),"",IFERROR(IF($C83<10,$C83*U83,IF(AND(10<=$C83,$C83<=50),$C83*V83,IF($C83>50,$C83*W83,"No Offer"))),"No Offer")) | Y83: 15 | Z83: 8 | AA83: 5 | AB83: =IF((0=$C83),"",IFERROR(IF($C83<10,$C83*Y83,IF(AND(10<=$C83,$C83<=50),$C83*Z83,IF($C83>50,$C83*AA83,"No Offer"))),"No Offer"))
C84: ='Series 200 Input'!J84 -> 0
A85: 2/062 | B85: Take up or down and remove to tip off site timber edging 50 x 125mm | C85: ='Series 200 Input'!J85 -> 0 | D85: m | E85: 43.15 | F85: 7.26 | G85: 4.36 | H85: =IF((0=$C85),"",IFERROR(IF($C85<10,$C85*E85,IF(AND(10<=$C85,$C85<=50),$C85*F85,IF($C85>50,$C85*G85,"No Offer"))),"No Offer")) | I85: 3 | J85: 3 | K85: 3 | L85: =IF((0=$C85),"",IFERROR(IF($C85<10,$C85*I85,IF(AND(10<=$C85,$C85<=50),$C85*J85,IF($C85>50,$C85*K85,"No Offer"))),"No Offer")) | M85: 3.12 | N85: 3.12 | O85: 3.12 | P85: =IF((0=$C85),"",IFERROR(IF($C85<10,$C85*M85,IF(AND(10<=$C85,$C85<=50),$C85*N85,IF($C85>50,$C85*O85,"No Offer"))),"No Offer")) | Q85: 2.5 | R85: 2.5 | S85: 2 | T85: =IF((0=$C85),"",IFERROR(IF($C85<10,$C85*Q85,IF(AND(10<=$C85,$C85<=50),$C85*R85,IF($C85>50,$C85*S85,"No Offer"))),"No Offer")) | U85: 6.5 | V85: 5.4 | W85: 4.5 | X85: =IF((0=$C85),"",IFERROR(IF($C85<10,$C85*U85,IF(AND(10<=$C85,$C85<=50),$C85*V85,IF($C85>50,$C85*W85,"No Offer"))),"No Offer")) | Y85: 5 | Z85: 4 | AA85: 3 | AB85: =IF((0=$C85),"",IFERROR(IF($C85<10,$C85*Y85,IF(AND(10<=$C85,$C85<=50),$C85*Z85,IF($C85>50,$C85*AA85,"No Offer"))),"No Offer"))
C86: ='Series 200 Input'!J86 -> 0
B87: Drainage Kerbing/channels | C87: ='Series 200 Input'!J87 -> 0 | E87: < 10 | F87: 10 - 50 | G87: > 50 | I87: < 10 | J87: 10 - 50 | K87: > 50 | M87: < 10 | N87: 10 - 50 | O87: > 50 | Q87: < 10 | R87: 10 - 50 | S87: > 50 | U87: < 10 | V87: 10 - 50 | W87: > 50 | Y87: < 10 | Z87: 10 - 50 | AA87: > 50
C88: ='Series 200 Input'!J88 -> 0
A89: 2/070 | B89: Take up or down and remove to tip off site precast concrete dish channel | C89: ='Series 200 Input'!J89 -> 0 | D89: m | E89: 43.15 | F89: 10.89 | G89: 10.89 | H89: =IF((0=$C89),"",IFERROR(IF($C89<10,$C89*E89,IF(AND(10<=$C89,$C89<=50),$C89*F89,IF($C89>50,$C89*G89,"No Offer"))),"No Offer")) | I89: 3 | J89: 3 | K89: 3 | L89: =IF((0=$C89),"",IFERROR(IF($C89<10,$C89*I89,IF(AND(10<=$C89,$C89<=50),$C89*J89,IF($C89>50,$C89*K89,"No Offer"))),"No Offer")) | M89: 8.41 | N89: 8.41 | O89: 8.41 | P89: =IF((0=$C89),"",IFERROR(IF($C89<10,$C89*M89,IF(AND(10<=$C89,$C89<=50),$C89*N89,IF($C89>50,$C89*O89,"No Offer"))),"No Offer")) | Q89: 5 | R89: 5 | S89: 5 | T89: =IF((0=$C89),"",IFERROR(IF($C89<10,$C89*Q89,IF(AND(10<=$C89,$C89<=50),$C89*R89,IF($C89>50,$C89*S89,"No Offer"))),"No Offer")) | U89: 9.6 | V89: 7.91 | W89: 6.6 | X89: =IF((0=$C89),"",IFERROR(IF($C89<10,$C89*U89,IF(AND(10<=$C89,$C89<=50),$C89*V89,IF($C89>50,$C89*W89,"No Offer"))),"No Offer")) | Y89: No Offer | Z89: No Offer | AA89: No Offer | AB89: =IF((0=$C89),"",IFERROR(IF($C89<10,$C89*Y89,IF(AND(10<=$C89,$C89<=50),$C89*Z89,IF($C89>50,$C89*AA89,"No Offer"))),"No Offer"))
C90: ='Series 200 Input'!J90 -> 0
A91: 2/071 | B91: Take up or down and remove to tip off site combined drainage and kerb blocks | C91: ='Series 200 Input'!J91 -> 0 | D91: m | E91: 43.15 | F91: 21.78 | G91: 21.78 | H91: =IF((0=$C91),"",IFERROR(IF($C91<10,$C91*E91,IF(AND(10<=$C91,$C91<=50),$C91*F91,IF($C91>50,$C91*G91,"No Offer"))),"No Offer")) | I91: 3 | J91: 3 | K91: 3 | L91: =IF((0=$C91),"",IFERROR(IF($C91<10,$C91*I91,IF(AND(10<=$C91,$C91<=50),$C91*J91,IF($C91>50,$C91*K91,"No Offer"))),"No Offer")) | M91: 8.41 | N91: 8.41 | O91: 8.41 | P91: =IF((0=$C91),"",IFERROR(IF($C91<10,$C91*M91,IF(AND(10<=$C91,$C91<=50),$C91*N91,IF($C91>50,$C91*O91,"No Offer"))),"No Offer")) | Q91: 5 | R91: 5 | S91: 5 | T91: =IF((0=$C91),"",IFERROR(IF($C91<10,$C91*Q91,IF(AND(10<=$C91,$C91<=50),$C91*R91,IF($C91>50,$C91*S91,"No Offer"))),"No Offer")) | U91: 10.5 | V91: 8.7 | W91: 8.36 | X91: =IF((0=$C91),"",IFERROR(IF($C91<10,$C91*U91,IF(AND(10<=$C91,$C91<=50),$C91*V91,IF($C91>50,$C91*W91,"No Offer"))),"No Offer")) | Y91: No Offer | Z91: No Offer | AA91: No Offer | AB91: =IF((0=$C91),"",IFERROR(IF($C91<10,$C91*Y91,IF(AND(10<=$C91,$C91<=50),$C91*Z91,IF($C91>50,$C91*AA91,"No Offer"))),"No Offer"))
C92: ='Series 200 Input'!J92 -> 0
A93: 2/072 | B93: Take up or down and remove to tip off site linear drainage channel systems | C93: ='Series 200 Input'!J93 -> 0 | D93: m | E93: 43.15 | F93: 21.78 | G93: 21.78 | H93: =IF((0=$C93),"",IFERROR(IF($C93<10,$C93*E93,IF(AND(10<=$C93,$C93<=50),$C93*F93,IF($C93>50,$C93*G93,"No Offer"))),"No Offer")) | I93: 3 | J93: 3 | K93: 3 | L93: =IF((0=$C93),"",IFERROR(IF($C93<10,$C93*I93,IF(AND(10<=$C93,$C93<=50),$C93*J93,IF($C93>50,$C93*K93,"No Offer"))),"No Offer")) | M93: 8.41 | N93: 8.41 | O93: 8.41 | P93: =IF((0=$C93),"",IFERROR(IF($C93<10,$C93*M93,IF(AND(10<=$C93,$C93<=50),$C93*N93,IF($C93>50,$C93*O93,"No Offer"))),"No Offer")) | Q93: 5 | R93: 5 | S93: 5 | T93: =IF((0=$C93),"",IFERROR(IF($C93<10,$C93*Q93,IF(AND(10<=$C93,$C93<=50),$C93*R93,IF($C93>50,$C93*S93,"No Offer"))),"No Offer")) | U93: 14.4 | V93: 12 | W93: 10.2 | X93: =IF((0=$C93),"",IFERROR(IF($C93<10,$C93*U93,IF(AND(10<=$C93,$C93<=50),$C93*V93,IF($C93>50,$C93*W93,"No Offer"))),"No Offer")) | Y93: No Offer | Z93: No Offer | AA93: No Offer | AB93: =IF((0=$C93),"",IFERROR(IF($C93<10,$C93*Y93,IF(AND(10<=$C93,$C93<=50),$C93*Z93,IF($C93>50,$C93*AA93,"No Offer"))),"No Offer"))
C94: ='Series 200 Input'!J94 -> 0
B95: Street Furniture | C95: ='Series 200 Input'!J95 -> 0
C96: ='Series 200 Input'!J96 -> 0
B97: Pedestrian Barrier | C97: ='Series 200 Input'!J97 -> 0 | E97: < 10 | F97: 10 - 50 | G97: > 50 | I97: < 10 | J97: 10 - 50 | K97: > 50 | M97: < 10 | N97: 10 - 50 | O97: > 50 | Q97: < 10 | R97: 10 - 50 | S97: > 50 | U97: < 10 | V97: 10 - 50 | W97: > 50 | Y97: < 10 | Z97: 10 - 50 | AA97: > 50
C98: ='Series 200 Input'!J98 -> 0
A99: 2/080 | B99: Take up or down and remove to tip off site pedestrian guardrail fence 1.0m high | C99: ='Series 200 Input'!J99 -> 0 | D99: m | E99: 16.31 | F99: 16.31 | G99: 16.31 | H99: =IF((0=$C99),"",IFERROR(IF($C99<10,$C99*E99,IF(AND(10<=$C99,$C99<=50),$C99*F99,IF($C99>50,$C99*G99,"No Offer"))),"No Offer")) | I99: 10 | J99: 10 | K99: 10 | L99: =IF((0=$C99),"",IFERROR(IF($C99<10,$C99*I99,IF(AND(10<=$C99,$C99<=50),$C99*J99,IF($C99>50,$C99*K99,"No Offer"))),"No Offer")) | M99: 26.75 | N99: 26.75 | O99: 26.75 | P99: =IF((0=$C99),"",IFERROR(IF($C99<10,$C99*M99,IF(AND(10<=$C99,$C99<=50),$C99*N99,IF($C99>50,$C99*O99,"No Offer"))),"No Offer")) | Q99: 10 | R99: 10 | S99: 8 | T99: =IF((0=$C99),"",IFERROR(IF($C99<10,$C99*Q99,IF(AND(10<=$C99,$C99<=50),$C99*R99,IF($C99>50,$C99*S99,"No Offer"))),"No Offer")) | U99: 24 | V99: 21.6 | W99: 21 | X99: =IF((0=$C99),"",IFERROR(IF($C99<10,$C99*U99,IF(AND(10<=$C99,$C99<=50),$C99*V99,IF($C99>50,$C99*W99,"No Offer"))),"No Offer")) | Y99: No Offer | Z99: No Offer | AA99: No Offer | AB99: =IF((0=$C99),"",IFERROR(IF($C99<10,$C99*Y99,IF(AND(10<=$C99,$C99<=50),$C99*Z99,IF($C99>50,$C99*AA99,"No Offer"))),"No Offer"))
C100: ='Series 200 Input'!J100 -> 0
A101: 2/081 | B101: Take up or down and remove to tip off site pedestrian guardrail fence 1.2m high | C101: ='Series 200 Input'!J101 -> 0 | D101: m | E101: 16.31 | F101: 16.31 | G101: 16.31 | H101: =IF((0=$C101),"",IFERROR(IF($C101<10,$C101*E101,IF(AND(10<=$C101,$C101<=50),$C101*F101,IF($C101>50,$C101*G101,"No Offer"))),"No Offer")) | I101: 10 | J101: 10 | K101: 10 | L101: =IF((0=$C101),"",IFERROR(IF($C101<10,$C101*I101,IF(AND(10<=$C101,$C101<=50),$C101*J101,IF($C101>50,$C101*K101,"No Offer"))),"No Offer")) | M101: 26.75 | N101: 26.75 | O101: 26.75 | P101: =IF((0=$C101),"",IFERROR(IF($C101<10,$C101*M101,IF(AND(10<=$C101,$C101<=50),$C101*N101,IF($C101>50,$C101*O101,"No Offer"))),"No Offer")) | Q101: 10 | R101: 10 | S101: 8 | T101: =IF((0=$C101),"",IFERROR(IF($C101<10,$C101*Q101,IF(AND(10<=$C101,$C101<=50),$C101*R101,IF($C101>50,$C101*S101,"No Offer"))),"No Offer")) | U101: 27 | V101: 24 | W101: 23.4 | X101: =IF((0=$C101),"",IFERROR(IF($C101<10,$C101*U101,IF(AND(10<=$C101,$C101<=50),$C101*V101,IF($C101>50,$C101*W101,"No Offer"))),"No Offer")) | Y101: No Offer | Z101: No Offer | AA101: No Offer | AB101: =IF((0=$C101),"",IFERROR(IF($C101<10,$C101*Y101,IF(AND(10<=$C101,$C101<=50),$C101*Z101,IF($C101>50,$C101*AA101,"No Offer"))),"No Offer"))
C102: ='Series 200 Input'!J102 -> 0
...

Sheet Series 200 Input
A1: SERIES 200: SITE CLEARANCE
A2: Item | B2: Description | C2: Design | E2: Tayside Contracts | J2: Final
C3: Qty | D3: Unit | E3: Band A | F3: Band B | G3: Band C | H3: Cost | J3: Qty | K3: Unit | L3: Cost
B5: Site Clearance | E5: < 5 | F5: 5 - 20 | G5: > 20
A7: 2/001 | B7: General site clearance | C7: 0.3 | D7: Ha | E7: 3000 | F7: 3000 | G7: 3000 | H7: =('Series 200 Design'!$H7) -> 900 | K7: Ha | L7: =('Series 200 Final'!$H7)
B9: Take Up or Down and Set Aside for Reuse or Remove to Store off Site
B11: Remove to Tip Off Site
B13: Slabs | E13: < 10 | F13: 10 - 50 | G13: > 50
A15: 2/010 | B15: Take up or down and remove to tip off site precast concrete slab paving 50mm thick | D15: m2 | E15: 43.15 | F15: 7.13 | G15: 4.45 | H15: =('Series 200 Design'!$H15) | K15: m2 | L15: =('Series 200 Final'!$H15)
A17: 2/011 | B17: Take up or down and remove to tip off site precast concrete slab paving 65mm thick | D17: m2 | E17: 43.15 | F17: 7.13 | G17: 5.34 | H17: =('Series 200 Design'!$H17) | K17: m2 | L17: =('Series 200 Final'!$H17)
A19: 2/012 | B19: Take up or down and remove to tip off site precast concrete tactile paving slab paving 50mm thick | D19: m2 | E19: 43.15 | F19: 10.68 | G19: 10.68 | H19: =('Series 200 Design'!$H19) | K19: m2 | L19: =('Series 200 Final'!$H19)
A21: 2/013 | B21: Take up or down and remove to tip off site precast concrete tactile paving slab paving 65mm thick | D21: m2 | E21: 43.15 | F21: 11.87 | G21: 11.87 | H21: =('Series 200 Design'!$H21) | K21: m2 | L21: =('Series 200 Final'!$H21)
A23: 2/014 | B23: Take up or down and remove to tip off site precast concrete hazard paving slab paving 50mm thick | D23: m2 | E23: 43.15 | F23: 10.68 | G23: 10.68 | H23: =('Series 200 Design'!$H23) | K23: m2 | L23: =('Series 200 Final'!$H23)
A25: 2/015 | B25: Take up or down and remove to tip off site precast concrete hazard paving slab paving 65mm thick | D25: m2 | E25: 43.15 | F25: 11.87 | G25: 11.87 | H25: =('Series 200 Design'!$H25) | K25: m2 | L25: =('Series 200 Final'!$H25)
A27: 2/016 | B27: Take up or down and remove to tip off site natural stone slab paving 50mm thick | D27: m2 | E27: 43.15 | F27: 10.68 | G27: 10.68 | H27: =('Series 200 Design'!$H27) | K27: m2 | L27: =('Series 200 Final'!$H27)
A29: 2/017 | B29: Take up or down and remove to tip off site natural stone slab paving 60mm thick | D29: m2 | E29: 43.15 | F29: 11.87 | G29: 11.87 | H29: =('Series 200 Design'!$H29) | K29: m2 | L29: =('Series 200 Final'!$H29)
A31: 2/018 | B31: Take up or down and remove to tip off site natural stone slab paving 70mm thick | D31: m2 | E31: 57.46 | F31: 28.56 | G31: 28.56 | H31: =('Series 200 Design'!$H31) | K31: m2 | L31: =('Series 200 Final'!$H31)
B33: Block Paving / Setts | E33: < 10 | F33: 10 - 50 | G33: > 50 | H33: =('Series 200 Design'!$H33) -> 0 | L33: =('Series 200 Final'!$H33) -> 0
A35: 2/020 | B35: Take up or down and remove to tip off site block paving 50mm thick | D35: m2 | E35: 43.15 | F35: 7.13 | G35: 4.45 | H35: =('Series 200 Design'!$H35) | K35: m2 | L35: =('Series 200 Final'!$H35)
A37: 2/021 | B37: Take up or down and remove to tip off site block paving 60mm thick | D37: m2 | E37: 43.15 | F37: 7.13 | G37: 4.45 | H37: =('Series 200 Design'!$H37) | K37: m2 | L37: =('Series 200 Final'!$H37)
A39: 2/022 | B39: Take up or down and remove to tip off site block paving 65mm thick | D39: m2 | E39: 43.15 | F39: 7.13 | G39: 4.45 | H39: =('Series 200 Design'!$H39) | K39: m2 | L39: =('Series 200 Final'!$H39)
A41: 2/023 | B41: Take up or down and remove to tip off site block paving 80mm thick | D41: m2 | E41: 43.15 | F41: 7.13 | G41: 5.34 | H41: =('Series 200 Design'!$H41) | K41: m2 | L41: =('Series 200 Final'!$H41)
A43: 2/024 | B43: Take up or down and remove to tip off site block paving 100mm thick | D43: m2 | E43: 43.15 | F43: 7.13 | G43: 5.34 | H43: =('Series 200 Design'!$H43) | K43: m2 | L43: =('Series 200 Final'!$H43)
A45: 2/025 | B45: Take up or down and remove to tip off site natural stone block paving setts 50mm thick | D45: m2 | E45: 43.15 | F45: 7.13 | G45: 5.34 | H45: =('Series 200 Design'!$H45) | K45: m2 | L45: =('Series 200 Final'!$H45)
A47: 2/026 | B47: Take up or down and remove to tip off site natural stone block paving setts 60mm thick | D47: m2 | E47: 43.15 | F47: 7.13 | G47: 4.45 | H47: =('Series 200 Design'!$H47) | K47: m2 | L47: =('Series 200 Final'!$H47)
A49: 2/027 | B49: Take up or down and remove to tip off site natural stone block paving setts 80mm thick | D49: m2 | E49: 43.15 | F49: 7.13 | G49: 5.34 | H49: =('Series 200 Design'!$H49) | K49: m2 | L49: =('Series 200 Final'!$H49)
A51: 2/028 | B51: Take up or down and remove to tip off site natural stone block paving setts 100mm thick | D51: m2 | E51: 43.15 | F51: 7.13 | G51: 4.45 | H51: =('Series 200 Design'!$H51) | K51: m2 | L51: =('Series 200 Final'!$H51)
A53: 2/029 | B53: Take up or down and remove to tip off site natural stone block paving setts 150mm thick | D53: m2 | E53: 43.15 | F53: 7.13 | G53: 7.13 | H53: =('Series 200 Design'!$H53) | K53: m2 | L53: =('Series 200 Final'!$H53)
A55: 2/030 | B55: Take up or down and remove to tip off site natural stone block paving sett 200mm thick | D55: m2 | E55: 43.15 | F55: 7.13 | G55: 7.13 | H55: =('Series 200 Design'!$H55) | K55: m2 | L55: =('Series 200 Final'!$H55)
B57: Grass/Concrete Paving
E58: < 10 | F58: 10 - 50 | G58: > 50 | H58: =('Series 200 Design'!$H58) -> 0 | L58: =('Series 200 Final'!$H58) -> 0
A59: 2/040 | B59: Take up or down and remove to tip off site grass/concrete paving 100mm thick | D59: m2 | E59: 43.15 | F59: 10.68 | G59: 10.68 | H59: =('Series 200 Design'!$H59) | K59: m2 | L59: =('Series 200 Final'!$H59)
A61: 2/041 | B61: Take up or down and remove to tip off site grass/concrete paving 120mm thick | D61: m2 | E61: 43.15 | F61: 10.68 | G61: 10.68 | H61: =('Series 200 Design'!$H61) | K61: m2 | L61: =('Series 200 Final'!$H61)
B63: Kerbing | E63: < 10 | F63: 10 - 50 | G63: > 50 | H63: =('Series 200 Design'!$H63) -> 0 | L63: =('Series 200 Final'!$H63) -> 0
A65: 2/050 | B65: Take up or down and remove to tip off site precast concrete kerbs 125 x 255mm | D65: m | E65: 43.15 | F65: 7.26 | G65: 6.81 | H65: =('Series 200 Design'!$H65) | K65: m | L65: =('Series 200 Final'!$H65)
A67: 2/051 | B67: Take up or down and remove to tip off site precast concrete kerbs 125 x 200mm | D67: m | E67: 43.15 | F67: 7.26 | G67: 6.81 | H67: =('Series 200 Design'!$H67) | K67: m | L67: =('Series 200 Final'!$H67)
A69: 2/052 | B69: Take up or down and remove to tip off site precast concrete kerbs 125mm x 150mm | D69: m | E69: 43.15 | F69: 7.26 | G69: 5.45 | H69: =('Series 200 Design'!$H69) | K69: m | L69: =('Series 200 Final'!$H69)
A71: 2/053 | B71: Take up or down and remove to tip off site precast concrete kerb 150mm x 305mm | D71: m | E71: 43.15 | F71: 9.08 | G71: 9.08 | H71: =('Series 200 Design'!$H71) | K71: m | L71: =('Series 200 Final'!$H71)
A73: 2/054 | B73: Take up or down and remove to tip off site natural stone kerbs 125 x 255mm | D73: m | E73: 43.15 | F73: 10.89 | G73: 10.98 | H73: =('Series 200 Design'!$H73) | K73: m | L73: =('Series 200 Final'!$H73)
A75: 2/055 | B75: Take up or down and remove to tip off site natural stone kerbs 125 x 200mm | D75: m | E75: 43.15 | F75: 10.89 | G75: 10.98 | H75: =('Series 200 Design'!$H75) | K75: m | L75: =('Series 200 Final'!$H75)
A77: 2/056 | B77: Take up or down and remove to tip off site natural stone kerbs 125mm x 150mm | D77: m | E77: 43.15 | F77: 9.08 | G77: 9.08 | H77: =('Series 200 Design'!$H77) | K77: m | L77: =('Series 200 Final'!$H77)
B79: Edge Kerbing | E79: < 10 | F79: 10 - 50 | G79: > 50
A81: 2/060 | B81: Take up or down and remove to tip off site precast concrete edging 50 x 150mm | D81: m | E81: 43.15 | F81: 7.26 | G81: 4.36 | H81: =('Series 200 Design'!$H81) | K81: m | L81: =('Series 200 Final'!$H81)
A83: 2/061 | B83: Take up or down and remove to tip off site precast concrete edging 75 x 225mm | D83: m | E83: 42.15 | F83: 7.26 | G83: 5.45 | H83: =('Series 200 Design'!$H83) | K83: m | L83: =('Series 200 Final'!$H83)
A85: 2/062 | B85: Take up or down and remove to tip off site timber edging 50 x 125mm | D85: m | E85: 43.15 | F85: 7.26 | G85: 4.36 | H85: =('Series 200 Design'!$H85) | K85: m | L85: =('Series 200 Final'!$H85)
B87: Drainage Kerbing/channels | E87: < 10 | F87: 10 - 50 | G87: > 50
A89: 2/070 | B89: Take up or down and remove to tip off site precast concrete dish channel | D89: m | E89: 43.15 | F89: 10.89 | G89: 10.89 | H89: =('Series 200 Design'!$H89) | K89: m | L89: =('Series 200 Final'!$H89)
A91: 2/071 | B91: Take up or down and remove to tip off site combined drainage and kerb blocks | D91: m | E91: 43.15 | F91: 21.78 | G91: 21.78 | H91: =('Series 200 Design'!$H91) | K91: m | L91: =('Series 200 Final'!$H91)
A93: 2/072 | B93: Take up or down and remove to tip off site linear drainage channel systems | D93: m | E93: 43.15 | F93: 21.78 | G93: 21.78 | H93: =('Series 200 Design'!$H93) | K93: m | L93: =('Series 200 Final'!$H93)
B95: Street Furniture
B97: Pedestrian Barrier | E97: < 10 | F97: 10 - 50 | G97: > 50 | H97: =('Series 200 Design'!$H97) -> 0 | L97: =('Series 200 Final'!$H97) -> 0
A99: 2/080 | B99: Take up or down and remove to tip off site pedestrian guardrail fence 1.0m high | D99: m | E99: 16.31 | F99: 16.31 | G99: 16.31 | H99: =('Series 200 Design'!$H99) | K99: m | L99: =('Series 200 Final'!$H99)
A101: 2/081 | B101: Take up or down and remove to tip off site pedestrian guardrail fence 1.2m high | D101: m | E101: 16.31 | F101: 16.31 | G101: 16.31 | H101: =('Series 200 Design'!$H101) | K101: m | L101: =('Series 200 Final'!$H101)
B103: Bollards | E103: < 5 | F103: 5 -10 | G103: > 10 | H103: =('Series 200 Design'!$H103) -> 0 | L103: =('Series 200 Final'!$H103) -> 0
A105: 2/090 | B105: Take up or down and remove to tip off site staked verge marker post | D105: No | E105: 22.97 | F105: 9.32 | G105: 10.88 | H105: =('Series 200 Design'!$H105) | K105: No | L105: =('Series 200 Final'!$H105)
A107: 2/091 | B107: Take up or down and remove to tip off site verge marker post in concrete foundation | D107: No | E107: 41.1 | F107: 16.31 | G107: 16.31 | H107: =('Series 200 Design'!$H107) | K107: No | L107: =('Series 200 Final'!$H107)
A109: 2/092 | B109: Take up or down and remove to tip off site permanent rigid bollard rooted in concrete foundation | D109: No | E109: 73.73 | F109: 65.26 | G109: 65.26 | H109: =('Series 200 Design'!$H109) | K109: No | L109: =('Series 200 Final'!$H109)
A111: 2/093 | B111: Take up or down and remove to tip off site permanent rigid bollard in in socket foundation | D111: No | E111: 41.1 | F111: 32.63 | G111: 32.63 | H111: =('Series 200 Design'!$H111) | K111: No | L111: =('Series 200 Final'!$H111)
A113: 2/094 | B113: Take up or down and remove to tip off site permanent rigid bollard and socket foundation | D113: No | E113: 95.48 | F113: 87.01 | G113: 87.01 | H113: =('Series 200 Design'!$H113) | K113: No | L113: =('Series 200 Final'!$H113)
A115: 2/095 | B115: Take up or down and remove to tip off site permanent rigid bollard in bolt down foundation | D115: No | E115: 57.41 | F115: 48.94 | G115: 48.94 | H115: =('Series 200 Design'!$H115) | K115: No | L115: =('Series 200 Final'!$H115)
A117: 2/096 | B117: Take up or down and remove to tip off site permanent reboundable bollard rooted in concrete foundation | D117: No | E117: 73.73 | F117: 65.26 | G117: 65.26 | H117: =('Series 200 Design'!$H117) | K117: No | L117: =('Series 200 Final'!$H117)
A119: 2/097 | B119: Take up or down and remove to tip off site permanent reboundable bollard in in socket foundation | D119: No | E119: 41.1 | F119: 32.63 | G119: 32.36 | H119: =('Series 200 Design'!$H119) | K119: No | L119: =('Series 200 Final'!$H119)
A121: 2/098 | B121: Take up or down and remove to tip off site permanent reboundable bollard and socket foundation | D121: No | E121: 95.48 | F121: 87.01 | G121: 87.01 | H121: =('Series 200 Design'!$H121) | K121: No | L121: =('Series 200 Final'!$H121)
A123: 2/099 | B123: Take up or down and remove to tip off site permanent reboundable bollard in bolt down foundation | D123: No | E123: 57.41 | F123: 48.94 | G123: 48.94 | H123: =('Series 200 Design'!$H123) | K123: No | L123: =('Series 200 Final'!$H123)
B125: Parking Ticket Machine | E125: < 5 | F125: 5 -10 | G125: > 10 | H125: =('Series 200 Design'!$H125) -> 0 | L125: =('Series 200 Final'!$H125) -> 0
A127: 2/100 | B127: Take up or down and remove to tip off site parking ticket machine | D127: No | E127: 269.49 | F127: 261.02 | G127: 261.02 | H127: =('Series 200 Design'!$H127) | K127: No | L127: =('Series 200 Final'!$H127)
B129: Benches | E129: < 5 | F129: 5 -10 | G129: > 10 | H129: =('Series 200 Design'!$H129) -> 0 | L129: =('Series 200 Final'!$H129) -> 0
A131: 2/110 | B131: Take up or down and remove to tip off rooted in-situ bench/seat (not exceeding (2000mmx600mm) | D131: No | E131: 269.49 | F131: 261.02 | G131: 261.02 | H131: =('Series 200 Design'!$H131) | K131: No | L131: =('Series 200 Final'!$H131)
A133: 2/112 | B133: Take up or down and remove to tip off bolt down bench/seat (not exceeding (2000mmx600mm) | D133: No | E133: 138.98 | F133: 130.51 | G133: 130.51 | H133: =('Series 200 Design'!$H133) | K133: No | L133: =('Series 200 Final'!$H133)
